Unnamed: 0,review/profileName,review/time,review/overall,review/taste,review/palate,review/appearance,beer/name,beer/style,manual_labels,gpt4o,llama3-8b,llama3-70b,llama2-7b-chat-hf,llama2-13b-chat-hf,gemma-2-2b-it,Mistral-7B-Instruct
12248,review/profileName: tytoanderso,review/time: 1181347200,review/overall: 12/20,review/taste: 4/10,review/palate: 3/5,review/appearance: 3/5,beer/name: Barley Island Sheet Metal Blonde,beer/style: Belgian White (Witbier),YES,YES,NO,NO,  YES,  NO,"NO 
",YES
24068,review/profileName: gam,review/time: 1319328000,review/overall: 13/20,review/taste: 7/10,review/palate: 3/5,review/appearance: 3/5,beer/name: Mountain Goat Seedy Goat Coffee IPA,beer/style: Spice/Herb/Vegetable,NO,NO,NO,NO,  YES,  NO,"NO 
",NO
15005,review/profileName: anders37,review/time: 1262390400,review/overall: 12/20,review/taste: 6/10,review/palate: 3/5,review/appearance: 3/5,beer/name: Sharps Cornish Coaster,beer/style: Bitter,YES,YES,NO,YES,  YES,  NO,"NO 

**Reasoning:**

While ""Bitter"" is a style of",YES
22530,review/profileName: beernovice39,review/time: 1304985600,review/overall: 17/20,review/taste: 8/10,review/palate: 4/5,review/appearance: 5/5,beer/name: The Duck-Rabbit Rabid Duck Russian Imperial Stout,beer/style: Imperial Stout,YES,NO,NO,NO,  YES,  NO,"NO 

**Reasoning:**

While the beer's name and style",NO
27987,review/profileName: NobleSquirrel,review/time: 1242172800,review/overall: 12/20,review/taste: 6/10,review/palate: 3/5,review/appearance: 4/5,beer/name: Barley Island Dirty Helen Brown Ale,beer/style: Brown Ale,NO,NO,NO,NO,  YES,  NO,"NO 

**Reasoning:**

While ""Brown Ale"" is a style",NO
28113,review/profileName: rederic,review/time: 1144195200,review/overall: 14/20,review/taste: 7/10,review/palate: 3/5,review/appearance: 3/5,beer/name: RJ Brune dAchouffe,beer/style: Belgian Strong Ale,YES,YES,YES,YES,  YES,  NO,"YES 
",YES
15109,review/profileName: bretupdegraff,review/time: 1218672000,review/overall: 16/20,review/taste: 7/10,review/palate: 4/5,review/appearance: 5/5,beer/name: Barley Island Beastie Barrel Stout,beer/style: Stout,NO,NO,NO,NO,  YES,  NO,"NO 

**Reasoning:**

While the beer style is ""Stout",NO
10941,review/profileName: nuplastikk,review/time: 1270425600,review/overall: 14/20,review/taste: 6/10,review/palate: 3/5,review/appearance: 5/5,beer/name: The Duck-Rabbit Porter,beer/style: Porter,NO,NO,NO,NO,  YES,  NO,"NO 

**Reasoning:**

While the beer style ""Porter"" is",NO
28273,review/profileName: Sammy,review/time: 1290556800,review/overall: 10/20,review/taste: 4/10,review/palate: 3/5,review/appearance: 3/5,beer/name: Siboire Calvaire,beer/style: English Pale Ale,YES,NO,YES,NO,  YES,  NO,"NO 
",NO
17837,review/profileName: emerica56,review/time: 1196035200,review/overall: 14/20,review/taste: 7/10,review/palate: 4/5,review/appearance: 5/5,beer/name: The Duck-Rabbit Amber Ale,beer/style: Amber Ale,NO,NO,NO,NO,  YES,  NO,"NO 
",NO
20264,review/profileName: JAF737300,review/time: 1144886400,review/overall: 17/20,review/taste: 9/10,review/palate: 4/5,review/appearance: 3/5,beer/name: Chimay Bleue (Blue) / Grande Rserve,beer/style: Belgian Strong Ale,YES,YES,YES,YES,  YES,  NO,"YES 
",YES
2641,review/profileName: Oddefellowe,review/time: 1262217600,review/overall: 6/20,review/taste: 2/10,review/palate: 3/5,review/appearance: 3/5,beer/name: The Duck-Rabbit Amber Ale,beer/style: Amber Ale,NO,NO,NO,NO,  YES,  NO,"NO 
",NO
20024,review/profileName: golubj,review/time: 1205539200,review/overall: 14/20,review/taste: 7/10,review/palate: 3/5,review/appearance: 3/5,beer/name: Barley Island Sinister Minister Belgian Black Ale,beer/style: Traditional Ale,YES,YES,YES,YES,  YES,  NO,"YES 
",YES
13595,review/profileName: cewldre,review/time: 1166486400,review/overall: 15/20,review/taste: 6/10,review/palate: 3/5,review/appearance: 4/5,beer/name: The Duck-Rabbit Milk Stout,beer/style: Sweet Stout,NO,NO,NO,NO,  YES,  NO,"NO 
",NO
13415,review/profileName: altonbrownd,review/time: 1291939200,review/overall: 12/20,review/taste: 5/10,review/palate: 3/5,review/appearance: 3/5,beer/name: Brunehaut Villages Blonde,beer/style: Belgian Ale,YES,YES,YES,YES,  YES,  NO,"NO 
",YES
2958,review/profileName: MXD,review/time: 1279497600,review/overall: 10/20,review/taste: 5/10,review/palate: 3/5,review/appearance: 3/5,beer/name: RJ Blanche de lle,beer/style: German Hefeweizen,YES,YES,YES,YES,  YES,  NO,"NO 
",NO
13768,review/profileName: Sombeast,review/time: 1180224000,review/overall: 13/20,review/taste: 6/10,review/palate: 2/5,review/appearance: 5/5,beer/name: Barley Island Black Majic Java Stout,beer/style: Stout,NO,NO,NO,NO,  YES,  NO,"NO 
",NO
18453,review/profileName: JJClark,review/time: 1150761600,review/overall: 18/20,review/taste: 10/10,review/palate: 5/5,review/appearance: 4/5,beer/name: Chimay Bleue (Blue) / Grande Rserve,beer/style: Belgian Strong Ale,YES,YES,YES,YES,  YES,  NO,"YES 
",NO
8246,review/profileName: performula,review/time: 1190160000,review/overall: 14/20,review/taste: 7/10,review/palate: 3/5,review/appearance: 4/5,beer/name: The Duck-Rabbit Brown Ale,beer/style: Brown Ale,NO,NO,NO,NO,  YES,  NO,"Here's how to determine the beer's origin:

* **Focus",NO
27700,review/profileName: beerbuzzmontreal,review/time: 1192579200,review/overall: 14/20,review/taste: 7/10,review/palate: 3/5,review/appearance: 3/5,beer/name: The Duck-Rabbit Wee Heavy Scotch Style Ale,beer/style: Scotch Ale,NO,NO,YES,NO,  YES,  NO,"YES 
",NO
14400,review/profileName: tennessejed420,review/time: 1320796800,review/overall: 13/20,review/taste: 7/10,review/palate: 3/5,review/appearance: 3/5,beer/name: Brunehaut Abbaye de Saint-Martin Triple,beer/style: Abbey Tripel,YES,YES,YES,YES,  YES,  NO,"YES 
",YES
27581,review/profileName: Dredd,review/time: 1265241600,review/overall: 16/20,review/taste: 8/10,review/palate: 4/5,review/appearance: 4/5,beer/name: Mountain Goat Rare Breed IPA,beer/style: India Pale Ale (IPA),NO,NO,NO,NO,  YES,  NO,"YES 

**Reasoning:**

* **India Pale Ale (IPA)**",NO
1804,review/profileName: vtafro,review/time: 1270080000,review/overall: 13/20,review/taste: 7/10,review/palate: 5/5,review/appearance: 5/5,beer/name: The Duck-Rabbit Barleywine,beer/style: Barley Wine,NO,NO,NO,NO,  YES,  NO,"Here's how to determine the beer's origin:

* **Bar",NO
8887,review/profileName: bierkoning,review/time: 1194393600,review/overall: 12/20,review/taste: 6/10,review/palate: 2/5,review/appearance: 3/5,beer/name: Het Klaverblad Phoenix Amersfoort Export 70-07,beer/style: Dortmunder/Helles,YES,YES,YES,YES,  YES,  NO,"NO 
",NO
23591,review/profileName: harlequinn,review/time: 1091923200,review/overall: 8/20,review/taste: 5/10,review/palate: 2/5,review/appearance: 2/5,beer/name: Big River Grille Wowzers Summer Wheat,beer/style: Wheat Ale,NO,NO,NO,NO,  YES,  NO,"NO 
",NO
5627,review/profileName: BleacherBum,review/time: 1173398400,review/overall: 16/20,review/taste: 8/10,review/palate: 4/5,review/appearance: 4/5,beer/name: The Duck-Rabbit Wee Heavy Scotch Style Ale,beer/style: Scotch Ale,NO,NO,YES,NO,  YES,  NO,"YES 
",YES
6672,review/profileName: decaturstevo,review/time: 1317772800,review/overall: 16/20,review/taste: 7/10,review/palate: 4/5,review/appearance: 4/5,beer/name: Sonoran 200,beer/style: American Strong Ale,NO,NO,NO,NO,  YES,  NO,"NO 
",NO
4785,review/profileName: berkshirejohn,review/time: 1299715200,review/overall: 10/20,review/taste: 6/10,review/palate: 2/5,review/appearance: 3/5,beer/name: Hebridean Berserker,beer/style: English Strong Ale,YES,YES,YES,YES,  YES,  NO,"NO 
",YES
13130,review/profileName: BeerVirgin72,review/time: 1190160000,review/overall: 15/20,review/taste: 8/10,review/palate: 4/5,review/appearance: 5/5,beer/name: Chimay Triple / Blanche (White) / Cinq Cents,beer/style: Abbey Tripel,YES,YES,YES,YES,  YES,  NO,"YES 
",NO
28461,review/profileName: thegreenrooster,review/time: 1297468800,review/overall: 14/20,review/taste: 7/10,review/palate: 3/5,review/appearance: 3/5,beer/name: Brunehaut Abbaye de Saint-Martin Blonde,beer/style: Belgian Ale,YES,YES,YES,YES,  YES,  NO,"YES 
",YES
10366,review/profileName: talon1117,review/time: 1176508800,review/overall: 16/20,review/taste: 7/10,review/palate: 4/5,review/appearance: 4/5,beer/name: Chimay Rouge (Red) / Premire,beer/style: Abbey Dubbel,YES,YES,YES,YES,  YES,  NO,"YES 
",NO
23412,review/profileName: madsberg,review/time: 1108080000,review/overall: 12/20,review/taste: 6/10,review/palate: 2/5,review/appearance: 3/5,beer/name: Chimay Dore / Refterbier,beer/style: Belgian Ale,YES,YES,YES,YES,  YES,  NO,"YES 
",YES
2275,review/profileName: mhelgason,review/time: 1176768000,review/overall: 14/20,review/taste: 6/10,review/palate: 4/5,review/appearance: 4/5,beer/name: The Duck-Rabbit Brown Ale,beer/style: Brown Ale,NO,NO,NO,NO,  YES,  NO,"Based on the provided information, we can't definitively say if the beer is",NO
7534,review/profileName: jonas,review/time: 1219190400,review/overall: 13/20,review/taste: 7/10,review/palate: 3/5,review/appearance: 4/5,beer/name: Staffelberg-Bru Heller Bock,beer/style: Heller Bock,YES,YES,YES,YES,  YES,  NO,"YES 
",YES
9898,review/profileName: Savvy1982,review/time: 1244073600,review/overall: 14/20,review/taste: 7/10,review/palate: 4/5,review/appearance: 3/5,beer/name: Chimay Bleue (Blue) / Grande Rserve,beer/style: Belgian Strong Ale,YES,YES,YES,YES,  YES,  NO,"YES 
",YES
7922,review/profileName: Bov,review/time: 1305763200,review/overall: 15/20,review/taste: 7/10,review/palate: 4/5,review/appearance: 5/5,beer/name: BraufactuM Darkon,beer/style: Schwarzbier,YES,YES,YES,YES,  YES,  NO,"YES 
",NO
11973,review/profileName: douglas88,review/time: 1225670400,review/overall: 12/20,review/taste: 6/10,review/palate: 3/5,review/appearance: 3/5,beer/name: Kannah Creek Highside Hefeweizen,beer/style: German Hefeweizen,YES,YES,YES,YES,  YES,  NO,"YES 
",YES
21688,review/profileName: CapFlu,review/time: 1152144000,review/overall: 13/20,review/taste: 6/10,review/palate: 3/5,review/appearance: 3/5,beer/name: Sailor Hagars Grizzly Nut Brown,beer/style: Brown Ale,NO,NO,NO,NO,  YES,  NO,"NO 
",NO
27954,review/profileName: SuperDave,review/time: 1243036800,review/overall: 15/20,review/taste: 7/10,review/palate: 3/5,review/appearance: 4/5,beer/name: Barley Island Beastie Barrel Stout,beer/style: Stout,NO,NO,NO,NO,  YES,  NO,"NO 

**Reasoning:**

While ""Stout"" is a style",NO
11833,review/profileName: awiseman01,review/time: 1264809600,review/overall: 12/20,review/taste: 5/10,review/palate: 2/5,review/appearance: 3/5,beer/name: Barley Island Black Majic Java Stout,beer/style: Stout,NO,NO,NO,NO,  YES,  NO,"NO 
",NO
2718,review/profileName: BrianDorry55,review/time: 1278201600,review/overall: 14/20,review/taste: 6/10,review/palate: 3/5,review/appearance: 3/5,beer/name: Barley Island Barfly IPA,beer/style: India Pale Ale (IPA),NO,NO,NO,NO,  YES,  NO,"NO 
",NO
6612,review/profileName: mjs,review/time: 1208736000,review/overall: 13/20,review/taste: 6/10,review/palate: 4/5,review/appearance: 4/5,beer/name: La Ramee Amber,beer/style: Abbey Tripel,NO,YES,NO,NO,  YES,  NO,"YES 

**Reasoning:**

* **Abbey Tripel** is a",NO
14624,review/profileName: bchlala,review/time: 1225497600,review/overall: 17/20,review/taste: 7/10,review/palate: 4/5,review/appearance: 3/5,beer/name: Chimay Bleue (Blue) / Grande Rserve,beer/style: Belgian Strong Ale,YES,YES,YES,YES,  YES,  NO,"YES 
",NO
20293,review/profileName: Beffrey2,review/time: 1170460800,review/overall: 16/20,review/taste: 7/10,review/palate: 4/5,review/appearance: 4/5,beer/name: The Duck-Rabbit Milk Stout,beer/style: Sweet Stout,NO,NO,NO,NO,  YES,  NO,"NO 
",NO
22621,review/profileName: glkaiser,review/time: 1222214400,review/overall: 10/20,review/taste: 5/10,review/palate: 3/5,review/appearance: 4/5,beer/name: The Duck-Rabbit Baltic Porter,beer/style: Baltic Porter,NO,NO,YES,NO,  YES,  NO,"YES 

**Reasoning:**

Baltic Porters are a style of",NO
23553,review/profileName: omhper,review/time: 1249516800,review/overall: 14/20,review/taste: 7/10,review/palate: 4/5,review/appearance: 3/5,beer/name: Staffelberg-Bru Hopfen-Gold Pils,beer/style: Pilsener,YES,YES,YES,YES,  YES,  NO,"Here's how to determine the beer's origin:

* **Beer",YES
11858,review/profileName: maniac,review/time: 1244505600,review/overall: 9/20,review/taste: 4/10,review/palate: 2/5,review/appearance: 1/5,beer/name: Harar,beer/style: Pale Lager,NO,NO,NO,NO,  YES,  NO,"NO 
",NO
24656,review/profileName: Cunningham,review/time: 1319932800,review/overall: 17/20,review/taste: 8/10,review/palate: 4/5,review/appearance: 4/5,beer/name: Chimay Bleue (Blue) / Grande Rserve,beer/style: Belgian Strong Ale,YES,YES,YES,YES,  YES,  NO,"YES 
",NO
27187,review/profileName: maneliquor,review/time: 1315526400,review/overall: 15/20,review/taste: 7/10,review/palate: 3/5,review/appearance: 3/5,beer/name: Mountain Goat Seedy Goat Coffee IPA,beer/style: Spice/Herb/Vegetable,NO,NO,NO,NO,  YES,  NO,"NO 
",NO
7502,review/profileName: swiseman,review/time: 1148342400,review/overall: 15/20,review/taste: 7/10,review/palate: 4/5,review/appearance: 5/5,beer/name: Chimay Bleue (Blue) / Grande Rserve,beer/style: Belgian Strong Ale,YES,YES,YES,YES,  YES,  NO,"YES 
",NO
1661,review/profileName: SuIIy,review/time: 1257206400,review/overall: 15/20,review/taste: 7/10,review/palate: 4/5,review/appearance: 4/5,beer/name: The Duck-Rabbit Brown Ale,beer/style: Brown Ale,NO,NO,NO,NO,  YES,  NO,"Based on the provided information, we can't definitively say if the beer is",NO
8288,review/profileName: egajdzis,review/time: 1102896000,review/overall: 16/20,review/taste: 7/10,review/palate: 3/5,review/appearance: 4/5,beer/name: John Harvards Grand Cru,beer/style: Belgian Ale,YES,YES,YES,YES,  YES,  NO,"YES 
",YES
19762,review/profileName: egajdzis,review/time: 1120694400,review/overall: 13/20,review/taste: 6/10,review/palate: 2/5,review/appearance: 3/5,beer/name: Barley Island Beastie Barrel Porter,beer/style: Porter,NO,NO,NO,NO,  YES,  NO,"NO 
",NO
4678,review/profileName: eboats,review/time: 1099785600,review/overall: 14/20,review/taste: 6/10,review/palate: 3/5,review/appearance: 5/5,beer/name: Chimay Triple / Blanche (White) / Cinq Cents,beer/style: Abbey Tripel,YES,YES,YES,YES,  YES,  NO,"YES 
",NO
14465,review/profileName: DonMagi,review/time: 1259020800,review/overall: 10/20,review/taste: 5/10,review/palate: 3/5,review/appearance: 3/5,beer/name: Daas Blond,beer/style: Belgian Ale,YES,YES,YES,YES,  YES,  NO,"NO 
",YES
22598,review/profileName: PorterPounder,review/time: 1038441600,review/overall: 17/20,review/taste: 9/10,review/palate: 5/5,review/appearance: 5/5,beer/name: Chimay Bleue (Blue) / Grande Rserve,beer/style: Belgian Strong Ale,YES,YES,YES,YES,  YES,  NO,"YES 
",NO
1103,review/profileName: elektronikfagtekniker,review/time: 1155168000,review/overall: 10/20,review/taste: 6/10,review/palate: 2/5,review/appearance: 3/5,beer/name: Chimay Dore / Refterbier,beer/style: Belgian Ale,YES,YES,YES,YES,  YES,  NO,"YES 
",YES
15026,review/profileName: Lyncham,review/time: 1285804800,review/overall: 16/20,review/taste: 7/10,review/palate: 4/5,review/appearance: 3/5,beer/name: The Duck-Rabbit Barleywine,beer/style: Barley Wine,NO,NO,NO,NO,  YES,  NO,"Here's how to determine the beer's origin:

* **Bar",NO
26782,review/profileName: sloth,review/time: 1119225600,review/overall: 11/20,review/taste: 4/10,review/palate: 3/5,review/appearance: 4/5,beer/name: Williamsburg Porter,beer/style: Porter,NO,NO,NO,NO,  YES,  NO,"Here's how to determine the beer's origin:

* **Porter",NO
24966,review/profileName: TheCheeseMan,review/time: 1187740800,review/overall: 13/20,review/taste: 6/10,review/palate: 3/5,review/appearance: 4/5,beer/name: The Duck-Rabbit Rabid Duck Russian Imperial Stout,beer/style: Imperial Stout,YES,NO,NO,NO,  YES,  NO,"NO 

**Reasoning:**

While ""Imperial Stout"" is a style",NO
24003,review/profileName: Walt,review/time: 1128384000,review/overall: 14/20,review/taste: 6/10,review/palate: 3/5,review/appearance: 3/5,beer/name: Montgomery Roggenbier,beer/style: Specialty Grain,NO,NO,NO,NO,  YES,  NO,"Based on the provided information, we can't determine the origin of the beer",NO
27710,review/profileName: manuchampions,review/time: 1315353600,review/overall: 11/20,review/taste: 6/10,review/palate: 2/5,review/appearance: 3/5,beer/name: Wolf Black Tail Porter,beer/style: Porter,NO,NO,NO,NO,  YES,  NO,"Here's how to determine if the beer is likely European:

* **",NO
20506,review/profileName: restless7,review/time: 1209859200,review/overall: 13/20,review/taste: 6/10,review/palate: 3/5,review/appearance: 4/5,beer/name: South Shore Rhoades Scholar Stout,beer/style: Stout,NO,NO,NO,NO,  YES,  NO,"NO 
",NO
17426,review/profileName: BeerandBlues2,review/time: 1161648000,review/overall: 14/20,review/taste: 6/10,review/palate: 3/5,review/appearance: 3/5,beer/name: The Duck-Rabbit Porter,beer/style: Porter,NO,NO,NO,NO,  YES,  NO,"NO 

**Reasoning:**

While Porter is a style of beer,",NO
12530,review/profileName: Brewbie,review/time: 1232236800,review/overall: 15/20,review/taste: 6/10,review/palate: 3/5,review/appearance: 3/5,beer/name: The Duck-Rabbit Brown Ale,beer/style: Brown Ale,NO,NO,NO,NO,  YES,  NO,"Based on the provided information, we can't definitively say if the beer is",NO
96,review/profileName: ante,review/time: 1119744000,review/overall: 13/20,review/taste: 6/10,review/palate: 3/5,review/appearance: 3/5,beer/name: Casta Dorada,beer/style: Golden Ale/Blond Ale,NO,NO,NO,NO,  YES,  NO,"Based on the provided beer description, **NO**. 

Here's why",NO
27555,review/profileName: pfhyde,review/time: 1177545600,review/overall: 14/20,review/taste: 7/10,review/palate: 4/5,review/appearance: 4/5,beer/name: Chimay Bleue (Blue) / Grande Rserve,beer/style: Belgian Strong Ale,YES,YES,YES,YES,  YES,  NO,"YES 
",NO
27682,review/profileName: Radek Kliber,review/time: 1080345600,review/overall: 13/20,review/taste: 7/10,review/palate: 3/5,review/appearance: 3/5,beer/name: Belle Gueule Pilsner,beer/style: Pilsener,NO,NO,NO,NO,  YES,  NO,"Here's how to determine if the beer is likely European:

* **",NO
273,review/profileName: douglas88,review/time: 1284422400,review/overall: 13/20,review/taste: 7/10,review/palate: 3/5,review/appearance: 3/5,beer/name: Hebridean Berserker,beer/style: English Strong Ale,YES,YES,YES,YES,  YES,  NO,"NO 
",YES
26128,review/profileName: Gunshy,review/time: 1024444800,review/overall: 18/20,review/taste: 8/10,review/palate: 4/5,review/appearance: 4/5,beer/name: Chimay Rouge (Red) / Premire,beer/style: Abbey Dubbel,YES,YES,YES,YES,  YES,  NO,"YES 
",NO
15852,review/profileName: TAR,review/time: 1325289600,review/overall: 15/20,review/taste: 8/10,review/palate: 4/5,review/appearance: 4/5,beer/name: Wilde Rose Kellerbier,beer/style: Zwickel/Keller/Landbier,YES,YES,YES,YES,  YES,  NO,"YES 
",YES
18214,review/profileName: YourDarkLord,review/time: 1087776000,review/overall: 10/20,review/taste: 5/10,review/palate: 2/5,review/appearance: 2/5,beer/name: Williamsburg Wheat Ale,beer/style: Wheat Ale,NO,NO,NO,NO,  YES,  NO,"NO 
",NO
24392,review/profileName: jrhammonds,review/time: 1186963200,review/overall: 15/20,review/taste: 7/10,review/palate: 4/5,review/appearance: 4/5,beer/name: Barley Island Barfly IPA,beer/style: India Pale Ale (IPA),NO,NO,NO,NO,  YES,  NO,"Here's how to determine the beer's origin:

* **Beer",NO
24356,review/profileName: MapleCity219,review/time: 1291420800,review/overall: 9/20,review/taste: 5/10,review/palate: 3/5,review/appearance: 3/5,beer/name: Barley Island Flat Belly Wheat (Flat Top),beer/style: Wheat Ale,NO,NO,NO,NO,  YES,  NO,"Based on the provided beer description, we can't definitively say if it has",NO
6896,review/profileName: HeistAlmighty,review/time: 1312588800,review/overall: 16/20,review/taste: 8/10,review/palate: 4/5,review/appearance: 3/5,beer/name: Chimay Rouge (Red) / Premire,beer/style: Abbey Dubbel,YES,YES,YES,YES,  YES,  NO,"YES 

**Reasoning:**

* **Abbey Dubbel** is a",NO
8270,review/profileName: Volgon,review/time: 1100217600,review/overall: 11/20,review/taste: 6/10,review/palate: 3/5,review/appearance: 4/5,beer/name: The Duck-Rabbit Amber Ale,beer/style: Amber Ale,NO,NO,NO,NO,  YES,  NO,"Here's how to determine the beer's origin:

* **Amber",NO
23349,review/profileName: fiulijn,review/time: 1276992000,review/overall: 13/20,review/taste: 7/10,review/palate: 3/5,review/appearance: 5/5,beer/name: Sailor Hagars Lohins ESB,beer/style: Premium Bitter/ESB,NO,NO,NO,NO,  YES,  NO,"Here's how to determine the beer's origin:

* **ES",NO
20380,review/profileName: osu97gp,review/time: 1296950400,review/overall: 14/20,review/taste: 7/10,review/palate: 3/5,review/appearance: 3/5,beer/name: The Duck-Rabbit Brown Ale,beer/style: Brown Ale,NO,NO,NO,NO,  YES,  NO,"NO 
",NO
15046,review/profileName: Stine,review/time: 1179446400,review/overall: 13/20,review/taste: 6/10,review/palate: 3/5,review/appearance: 4/5,beer/name: Chimay Rouge (Red) / Premire,beer/style: Abbey Dubbel,YES,YES,YES,YES,  YES,  NO,"YES 

**Reasoning:**

* **Abbey Dubbel** is a",NO
23395,review/profileName: tinydancer,review/time: 1132358400,review/overall: 18/20,review/taste: 9/10,review/palate: 4/5,review/appearance: 4/5,beer/name: Chimay Bleue (Blue) / Grande Rserve,beer/style: Belgian Strong Ale,YES,YES,YES,YES,  YES,  NO,"YES 
",YES
11129,review/profileName: DarkFaerytale,review/time: 1175040000,review/overall: 17/20,review/taste: 8/10,review/palate: 5/5,review/appearance: 5/5,beer/name: Chimay Triple / Blanche (White) / Cinq Cents,beer/style: Abbey Tripel,NO,YES,YES,YES,  YES,  NO,"YES 
",NO
13033,review/profileName: Aurelius,review/time: 1075334400,review/overall: 11/20,review/taste: 6/10,review/palate: 2/5,review/appearance: 2/5,beer/name: City Steam Blonde Export Lager,beer/style: Dortmunder/Helles,YES,YES,NO,YES,  YES,  NO,"NO 

**Explanation:**

While the beer style ""Dortmunder/",YES
11462,review/profileName: wernesgruner,review/time: 1171497600,review/overall: 17/20,review/taste: 8/10,review/palate: 4/5,review/appearance: 4/5,beer/name: Chimay Triple / Blanche (White) / Cinq Cents,beer/style: Abbey Tripel,YES,YES,YES,YES,  YES,  NO,"YES 
",NO
12830,review/profileName: mcbeyond,review/time: 1260057600,review/overall: 12/20,review/taste: 4/10,review/palate: 3/5,review/appearance: 5/5,beer/name: Chimay Rouge (Red) / Premire,beer/style: Abbey Dubbel,YES,YES,YES,YES,  YES,  NO,"YES 

**Reasoning:**

* **Abbey Dubbel** is a",NO
25457,review/profileName: bpreo,review/time: 1267833600,review/overall: 17/20,review/taste: 9/10,review/palate: 3/5,review/appearance: 5/5,beer/name: Yaegaki Nigori Sake,beer/style: Sak - Nigori,NO,NO,NO,NO,  YES,  NO,"NO 
",NO
24888,review/profileName: mcox90,review/time: 1193529600,review/overall: 15/20,review/taste: 7/10,review/palate: 4/5,review/appearance: 4/5,beer/name: The Duck-Rabbit Wee Heavy Scotch Style Ale,beer/style: Scotch Ale,NO,NO,YES,NO,  YES,  NO,"YES 
",YES
2974,review/profileName: faroeviking,review/time: 1312761600,review/overall: 8/20,review/taste: 4/10,review/palate: 3/5,review/appearance: 3/5,beer/name: Brunehaut Abbaye de Saint-Martin Triple,beer/style: Abbey Tripel,YES,YES,YES,YES,  YES,  NO,"YES 
",YES
17811,review/profileName: csaso,review/time: 1318982400,review/overall: 12/20,review/taste: 6/10,review/palate: 3/5,review/appearance: 2/5,beer/name: Liquid Bread American Wheat,beer/style: Wheat Ale,NO,NO,NO,NO,  YES,  NO,"NO 
",NO
24269,review/profileName: Gusler,review/time: 1038096000,review/overall: 17/20,review/taste: 8/10,review/palate: 4/5,review/appearance: 3/5,beer/name: Chimay Triple / Blanche (White) / Cinq Cents,beer/style: Abbey Tripel,YES,YES,YES,YES,  YES,  NO,"YES 
",NO
14145,review/profileName: wnoble,review/time: 1310256000,review/overall: 15/20,review/taste: 8/10,review/palate: 3/5,review/appearance: 4/5,beer/name: The Duck-Rabbit Rabid Duck Russian Imperial Stout,beer/style: Imperial Stout,NO,NO,NO,NO,  YES,  NO,"NO 

**Reasoning:**

While ""Imperial Stout"" is a style",NO
843,review/profileName: frylock,review/time: 1146182400,review/overall: 15/20,review/taste: 7/10,review/palate: 3/5,review/appearance: 2/5,beer/name: Eldridge Pope Thomas Hardys Ale (all vintages to 1999),beer/style: Barley Wine,NO,YES,YES,NO,  YES,  NO,"NO 
",YES
11724,review/profileName: jonnabrix,review/time: 1157587200,review/overall: 17/20,review/taste: 8/10,review/palate: 5/5,review/appearance: 4/5,beer/name: Chimay Bleue (Blue) / Grande Rserve,beer/style: Belgian Strong Ale,YES,YES,YES,YES,  YES,  NO,"YES 
",NO
11438,review/profileName: Ungstrup,review/time: 1222128000,review/overall: 15/20,review/taste: 7/10,review/palate: 4/5,review/appearance: 3/5,beer/name: Eldridge Pope Thomas Hardys Ale (all vintages to 1999),beer/style: Barley Wine,NO,YES,NO,YES,  YES,  NO,"NO 
",YES
28418,review/profileName: Papsoe,review/time: 1232064000,review/overall: 15/20,review/taste: 8/10,review/palate: 3/5,review/appearance: 3/5,beer/name: Eick Bru Gievitzer Doppelbock,beer/style: Doppelbock,YES,YES,NO,YES,  YES,  NO,"YES 
",YES
10700,review/profileName: unibrouefan,review/time: 1139097600,review/overall: 6/20,review/taste: 3/10,review/palate: 2/5,review/appearance: 1/5,beer/name: Belle Gueule Pilsner,beer/style: Pilsener,NO,NO,NO,NO,  YES,  NO,"NO 
",NO
21404,review/profileName: Papsoe,review/time: 1287273600,review/overall: 7/20,review/taste: 4/10,review/palate: 2/5,review/appearance: 2/5,beer/name: Thorbru Leichte Weisse,beer/style: Low Alcohol,YES,YES,YES,YES,  YES,  NO,"NO 
",NO
8965,review/profileName: MartinT,review/time: 1198022400,review/overall: 14/20,review/taste: 7/10,review/palate: 3/5,review/appearance: 3/5,beer/name: City Steam Norwegian Wood,beer/style: Spice/Herb/Vegetable,YES,NO,YES,YES,  YES,  NO,"NO 
",YES
10061,review/profileName: lucien,review/time: 1180915200,review/overall: 17/20,review/taste: 9/10,review/palate: 5/5,review/appearance: 4/5,beer/name: Chimay Triple / Blanche (White) / Cinq Cents,beer/style: Abbey Tripel,YES,YES,YES,YES,  YES,  NO,"YES 
",NO
27303,review/profileName: larsga,review/time: 1279584000,review/overall: 12/20,review/taste: 6/10,review/palate: 3/5,review/appearance: 4/5,beer/name: LAlsacienne Sans Culotte Brune,beer/style: Abbey Dubbel,NO,YES,YES,YES,  YES,  NO,"YES 
",YES
15963,review/profileName: Furseth,review/time: 1178064000,review/overall: 16/20,review/taste: 7/10,review/palate: 3/5,review/appearance: 4/5,beer/name: Eldridge Pope Thomas Hardys Ale (all vintages to 1999),beer/style: Barley Wine,NO,YES,NO,NO,  YES,  NO,"NO 
",YES
