,reviewcontent,reviewtype,topcritic,rottentomatoeslink,movietitle,movieinfo,genres,productioncompany,manual_labels,gpt4o,llama3-8b,llama3-70b,Mistral-7B-Instruct,llama2-7b-chat-hf,llama2-13b-chat-hf,gemma-2-2b-it
11499,reviewcontent: It's 300 at Sea and it's not entirely terrible.,reviewtype: Fresh,topcritic: False,rottentomatoeslink: m/300_rise_of_an_empire,movietitle: 300: Rise of an Empire,"movieinfo: While King Leonidas and his 300 Spartans have their date with destiny at Thermopylae, another battle against the Persians is brewing, this time at sea. Themistocles (Sullivan Stapleton), a Greek general, sees the threat posed by the God-King Xerxes of Persia. He knows that he must unite all of Greece if he is to stand any chance of repelling the Persian invasion. Even if he accomplishes his mission, Themistocles must still face Artemisia (Eva Green), the ruthless leader of the Persian armada.","genres: Action & Adventure, Drama",productioncompany: Warner Bros. Pictures,NO,NO,NO,NO,"
NO",  YES,  NO,"NO 
"
6475,reviewcontent: A technically proficient but disturbing adaptation (that) adopts a surprisingly macabre tone.,reviewtype: Rotten,topcritic: False,rottentomatoeslink: m/10008502-christmas_carol,movietitle: Disney's A Christmas Carol,"movieinfo: Though London awaits the joyful arrival of Christmas, miserly Ebenezer Scrooge (Jim Carrey) thinks it's all humbug, berating his faithful clerk and cheerful nephew for their view. Later, Scrooge encounters the ghost of his late business partner, who warns that three spirits will visit him this night. The ghosts take Scrooge on a journey through his past, present and future in the hope of transforming his bitterness.","genres: Animation, Drama, Kids & Family, Science Fiction & Fantasy",productioncompany: Walt Disney Studios,YES,YES,NO,YES,"
NO",  YES,  NO,"YES 
"
13167,"reviewcontent: A mess of nearly epic proportions, the film sees Barrymore trying to wrest control away from a bored, listless Sandler, who, at this point in his career, seems other either unwilling or unable to turn off/turn down his inner moron.",reviewtype: Rotten,topcritic: False,rottentomatoeslink: m/blended,movietitle: Blended,"movieinfo: Recently divorced mom Lauren (Drew Barrymore) and widowed dad Jim (Adam Sandler) let their friends push them into a blind date, which goes disastrously wrong. Unsurprisingly, neither wants to see the other ever again. However, fate intervenes when both Jim and Lauren, unbeknown to each other, purchase one-half of the same vacation package at a South African resort; they and their children are forced to share the same suite and participate in a slew of family activities together.",genres: Comedy,productioncompany: Warner Bros. Pictures,NO,YES,NO,NO,"
NO",  NO,  NO,"NO 
"
862,"reviewcontent: It's thoroughly embalmed in the glossy lacquer of conventional baseball movies, and limited further by trying to deal with the horrors of racism in that context.",reviewtype: Rotten,topcritic: True,rottentomatoeslink: m/42_2013,movietitle: 42,"movieinfo: In 1946, Branch Rickey (Harrison Ford), legendary manager of the Brooklyn Dodgers, defies major league baseball's notorious color barrier by signing Jackie Robinson (Chadwick Boseman) to the team. The heroic act puts both Rickey and Robinson in the firing line of the public, the press and other players. Facing open racism from all sides, Robinson demonstrates true courage and admirable restraint by not reacting in kind and lets his undeniable talent silence the critics for him.",genres: Drama,productioncompany: Warner Bros. Pictures,NO,NO,NO,YES,"
NO",  YES,  NO,"NO 
"
5970,"reviewcontent: By one way of looking at it, Fist Fight might be seen as a timely nightmare -- not about bullying but being downsized. For that reason alone, it's not a complete waste of time. Also it features a rampaging horse on meth.",reviewtype: Rotten,topcritic: True,rottentomatoeslink: m/fist_fight_2017,movietitle: Fist Fight,"movieinfo: On the last day before summer vacation, high school teacher Andy Campbell tries his best to keep it together amid senior pranks, a dysfunctional administration and budget cuts that threaten his job. Things go from bad to worse when he crosses Ron Strickland, the school's toughest and most feared teacher. When Strickland gets fired, he challenges Campbell to a fight after school. As news of the showdown spreads like wildfire, poor Andy desperately seeks any way out of his date with certain doom.",genres: Comedy,productioncompany: Warner Bros. Pictures,NO,NO,NO,NO,"
NO",  YES,  NO,"NO 
"
6706,reviewcontent: Zac Efron and Nicholas Sparks team up to complete a paint-by-numbers.,reviewtype: Rotten,topcritic: False,rottentomatoeslink: m/the_lucky_one_2012,movietitle: The Lucky One,"movieinfo: U.S. Marine Sgt. Logan Thibault (Zac Efron) returns home from his third tour of duty in Iraq with the one thing he believes kept him alive: a photograph of a woman he doesn't even know. He learns the woman's name is Beth (Taylor Schilling) and goes to meet her, eventually taking a job at her family-run kennel. Though Beth is full of mistrust and leads a complicated life, a romance blooms, giving Logan hope that Beth could become more than just his good-luck charm.",genres: Drama,productioncompany: Warner Bros. Pictures,NO,NO,NO,NO,"
NO",  YES,  NO,"NO 
"
3017,"reviewcontent: The directing and editing are phenomenal, as are performances by the ensemble cast.",reviewtype: Fresh,topcritic: False,rottentomatoeslink: m/1144992-crash,movietitle: Crash,"movieinfo: Writer-director Paul Haggis interweaves several connected stories about race, class, family and gender in Los Angeles in the aftermath of 9/11. Characters include a district attorney (Brendan Fraser) and his casually prejudiced wife (Sandra Bullock), dating police detectives Graham (Don Cheadle) and Ria (Jennifer Esposito), a victimized Middle Eastern store owner and a wealthy African-American couple (Terrence Dashon Howard, Thandie Newton) humiliated by a racist traffic cop (Matt Dillon).",genres: Drama,productioncompany: Lions Gate Films,NO,NO,NO,NO,"
NO",  YES,  NO,"NO 
"
3781,reviewcontent: Franco... delivers a solid performance as the strapping climber who shows his vulnerability when he reflects back on his life--the mistakes he's made and the moments he may miss.,reviewtype: Fresh,topcritic: False,rottentomatoeslink: m/127_hours,movietitle: 127 Hours,"movieinfo: ""While exploring a remote canyon in Utah, mountaineer and adventurer Aron Ralston (James Franco) becomes trapped when a boulder falls on his arm. Over the next five days, Ralston examines his life and considers his options, leading him to an agonizing choice: to amputate his arm so that he can extricate himself and try to make his way back to civilization or remain pinned to the canyon wall and likely die. Based on Ralston's book, """"Between a Rock and a Hard Place.""""""",genres: Drama,productioncompany: Fox Searchlight,NO,NO,NO,NO,"
NO",  YES,  NO,"NO 
"
3898,reviewcontent: Sam Mendes brings all his skills as a theatre director to make a film that is both epic and surprisingly intimate...,reviewtype: Fresh,topcritic: False,rottentomatoeslink: m/1917_2019,movietitle: 1917,"movieinfo: During World War I, two British soldiers -- Lance Cpl. Schofield and Lance Cpl. Blake -- receive seemingly impossible orders. In a race against time, they must cross over into enemy territory to deliver a message that could potentially save 1,600 of their fellow comrades -- including Blake's own brother.",genres: Drama,productioncompany: Universal Pictures,NO,NO,NO,NO,"
NO",  YES,  NO,"NO 
"
2250,"reviewcontent: A surprisingly strong film with a solid balance of humor and heart, actually making us feel for and identify with the characters rather than just go through the usual paces of an R-rated comedy.",reviewtype: Fresh,topcritic: False,rottentomatoeslink: m/21_jump_street_2011,movietitle: 21 Jump Street,"movieinfo: When cops Schmidt (Jonah Hill) and Jenko (Channing Tatum) join the secret Jump Street unit, they use their youthful appearances to go under cover as high-school students. They trade in their guns and badges for backpacks, and set out to shut down a dangerous drug ring. But, as time goes on, Schmidt and Jenko discover that high school is nothing like it was just a few years earlier -- and, what's more, they must again confront the teenage terror and anxiety they thought they had left behind.","genres: Action & Adventure, Comedy",productioncompany: Sony Pictures,NO,NO,NO,NO,"
NO",  YES,  NO,"YES 
"
542,"reviewcontent: Death to Smoochy is often very funny, but what's even more remarkable is the integrity of DeVito's misanthropic vision.",reviewtype: Fresh,topcritic: True,rottentomatoeslink: m/death_to_smoochy,movietitle: Death to Smoochy,"movieinfo: Tells the story of Rainbow Randolph (Robin Williams), the corrupt, costumed star of a popular children's TV show, who is fired over a bribery scandal and replaced by squeaky-clean Smoochy (Edward Norton), a puffy fuscia rhinoceros. As Smoochy catapults to fame - scoring hit ratings and the affections of a network executive (Catherine Keener) - Randolph makes the unsuspecting rhino the target of his numerous outrageous attempts to exact revenge and reclaim his status as America's sweetheart.",genres: Comedy,productioncompany: Warner Bros. Pictures,NO,NO,NO,NO,"
NO",  YES,  NO,"NO 
"
4351,"reviewcontent: If you're looking to see the rich, deep imagery of 300 play out in the most beautiful, bone-crunching way possible, this 4K offering is absolutely a must-have.",reviewtype: Fresh,topcritic: False,rottentomatoeslink: m/300,movietitle: 300,"movieinfo: In 480 B.C. a state of war exists between Persia, led by King Xerxes (Rodrigo Santoro), and Greece. At the Battle of Thermopylae, Leonidas (Gerard Butler), king of the Greek city state of Sparta, leads his badly outnumbered warriors against the massive Persian army. Though certain death awaits the Spartans, their sacrifice inspires all of Greece to unite against their common enemy.","genres: Action & Adventure, Drama",productioncompany: Warner Bros. Pictures,NO,NO,NO,NO,"
NO",  YES,  NO,"NO 
"
12807,"reviewcontent: While nothing special, let alone classic, the film offers enough amusing, funny and occasionally hilarious moments and performances to earn a passing grade.",reviewtype: Fresh,topcritic: False,rottentomatoeslink: m/1121649-anger_management,movietitle: Anger Management,"movieinfo: Dave Buznik (Adam Sandler) is usually a mild-mannered nonconfrontational guy. But after an altercation aboard an airplane, he is remanded to the care of an anger-management therapist, Dr. Buddy Rydell (Jack Nicholson), who could probably use a little anger management himself.",genres: Comedy,productioncompany: Sony Pictures Entertainment,NO,NO,YES,YES,"
NO",  YES,  NO,"YES 
"
6631,"reviewcontent: Cage gives one of the best performances of his recent career as the Kaufmans. He's a natural in this role, especially when that great horse face breaks into an ingratiating grin...",reviewtype: Fresh,topcritic: True,rottentomatoeslink: m/1118700-adaptation,movietitle: Adaptation,"movieinfo: ""Nicolas Cage is Charlie Kaufman, a confused L.A. screenwriter overwhelmed by feelings of inadequacy, sexual frustration, self-loathing, and by the screenwriting ambitions of his freeloading twin brother Donald (Nicolas Cage). While struggling to adapt """"The Orchid Thief","genres: Comedy, Drama",productioncompany: Columbia Pictures,NO,NO,NO,NO,"
NO",  YES,  NO,"NO 
"
6705,reviewcontent: The epitaph of the modern spoof.,reviewtype: Rotten,topcritic: False,rottentomatoeslink: m/wrongfully_accused,movietitle: Wrongfully Accused,"movieinfo: Art patron Hibbing Goodhue (Michael York) is murdered, and an accident-prone concert violinist, Ryan Harrison (Leslie Nielsen), is arrested as the main suspect. Harrison didn't do it, but he's convicted of the crime. He's on the bus that will take him to prison, but he manages to escape after a traffic accident. On the run, Harrison tries to clear his name by seeking out the real killer, while the police, led by Lt. Fergus Falls (Richard Crenna), hunt him down.",genres: Comedy,productioncompany: Warner Bros. Pictures,NO,YES,NO,YES,"
NO",  YES,  NO,"NO 
"
6978,reviewcontent: Tim Burton's latest assault on the senses is partially redeemed by Johnny Depp's brilliant acting.,reviewtype: Rotten,topcritic: False,rottentomatoeslink: m/1221547-alice_in_wonderland,movietitle: Alice in Wonderland,"movieinfo: A young girl when she first visited magical Underland, Alice Kingsleigh (Mia Wasikowska) is now a teenager with no memory of the place -- except in her dreams. Her life takes a turn for the unexpected when, at a garden party for her fiance and herself, she spots a certain white rabbit and tumbles down a hole after him. Reunited with her friends the Mad Hatter (Johnny Depp), the Cheshire Cat and others, Alice learns it is her destiny to end the Red Queen's (Helena Bonham Carter) reign of terror.","genres: Animation, Classics, Comedy, Kids & Family, Science Fiction & Fantasy",productioncompany: Film Chest,YES,YES,NO,YES,"
YES",  YES,  NO,"YES 
"
7399,reviewcontent: Coppola's disconnected her character from history to achieve this glittering surface and there's nothing else to which a viewer can hang on.,reviewtype: Rotten,topcritic: False,rottentomatoeslink: m/1158195-marie_antoinette,movietitle: Marie Antoinette,"movieinfo: An Austrian teenager (Kirsten Dunst) marries the Dauphin (Jason Schwartzman) of France and becomes that country's queen following the death of King Louis XV (Judy Davis) in 1774. Years later, after a life of luxury and privilege, Marie Antoinette loses her head during the French Revolution.","genres: Documentary, Drama",productioncompany: Sony Pictures,NO,NO,NO,NO,"
NO",  YES,  NO,"NO 
"
11119,"reviewcontent: Affleck the director tries his best to infuse a glamorous Latin lushness into his frames and, for the most part, the atmospherics work, but sultriness is a poor substitute for dramatic tension.",reviewtype: Rotten,topcritic: False,rottentomatoeslink: m/live_by_night,movietitle: Live By Night,"movieinfo: It's the Roaring `20s and Prohibition hasn't stopped the flow of booze in an underground network of gangster-run speakeasies. The opportunity to gain power and money is there for any man with enough ambition and nerve, and Joe Coughlin, the son of the Boston Police superintendent, long ago turned his back on his strict upbringing for the spoils of being an outlaw. But even among criminals there are rules, and Joe breaks a big one: crossing a powerful mob boss by stealing his money and his moll.",genres: Drama,productioncompany: Warner Bros. Pictures,NO,NO,NO,NO,"
NO",  NO,  NO,"NO 
"
12665,"reviewcontent: ""What should have come across as a darkly funny riff on the likes of """"Watchmen"""" winds up coming across like """"Hero at Large"""" with a significantly higher body count.""",reviewtype: Rotten,topcritic: False,rottentomatoeslink: m/1217700-kick_ass,movietitle: Kick-Ass,"movieinfo: ""Using his love for comics as inspiration, teenager Dave Lizewski (Aaron Johnson) decides to reinvent himself as a superhero -- despite a complete lack of special powers. Dave dons a costume, dubs himself """"Kick-Ass","genres: Action & Adventure, Comedy, Drama",productioncompany: Lionsgate,NO,NO,NO,NO,"
NO",  YES,  NO,"NO 
"
5304,"reviewcontent: It remains, underneath all the decoration and heavy artillery, a good yarn.",reviewtype: Fresh,topcritic: True,rottentomatoeslink: m/310_to_yuma,movietitle: 3:10 to Yuma,"movieinfo: Outlaw Ben Wade (Russell Crowe) terrorizes 1800s Arizona, especially the Southern Railroad, until he is finally captured. Wade must be brought to trial, so Dan Evans (Christian Bale), the owner of a drought-stricken ranch, volunteers to escort him to the train. Along the trail, a grudging respect forms between the men, but danger looms at every turn, and the criminal's men are in pursuit.","genres: Classics, Drama, Western",productioncompany: Columbia Pictures,NO,NO,NO,NO,"
NO",  YES,  NO,"NO 
"
2312,"reviewcontent: Brand takes center stage as the fatuously cocksure singer, but the episodic screenplay strains to give the British comic enough juicy moments to be amusingly inappropriate.",reviewtype: Rotten,topcritic: False,rottentomatoeslink: m/1212410-get_him_to_the_greek,movietitle: Get Him to the Greek,"movieinfo: An ambitious executive at a record company, Aaron Green (Jonah Hill) gets what looks like an easy assignment: He must escort British rock legend Aldous Snow (Russell Brand) to L.A.'s Greek Theatre for the first stop on a lucrative comeback-concert tour. Snow, however, has different plans. Learning his true love is in California, the rocker vows to win her back before starting the tour, forcing Aaron to pull out all the stops to get Snow on stage in time.",genres: Comedy,productioncompany: Universal Pictures,NO,NO,NO,NO,"
NO",  YES,  NO,"NO 
"
7040,"reviewcontent: Both epically sprawling and remarkably intimate, 1917 instantly establishes itself as one of the great war films.",reviewtype: Fresh,topcritic: False,rottentomatoeslink: m/1917_2019,movietitle: 1917,"movieinfo: During World War I, two British soldiers -- Lance Cpl. Schofield and Lance Cpl. Blake -- receive seemingly impossible orders. In a race against time, they must cross over into enemy territory to deliver a message that could potentially save 1,600 of their fellow comrades -- including Blake's own brother.",genres: Drama,productioncompany: Universal Pictures,NO,NO,NO,NO,"
NO",  YES,  NO,"NO 
"
1889,reviewcontent: This movie manages with great economy to show that soldiers on both sides had far more in common than they thought.,reviewtype: Fresh,topcritic: True,rottentomatoeslink: m/letters_from_iwo_jima,movietitle: Letters from Iwo Jima,"movieinfo: Long-buried missives from the island reveal the stories of the Japanese troops who fought and died there during World War II. Among them are Saigo (Kazunari Ninomiya), a baker; Baron Nishi (Tsuyoshi Ihara), an Olympic champion; and Shimizu (Ryô Kase), an idealistic soldier. Though Lt. Gen. Tadamichi Kuribayashi (Ken Watanabe) knows he and his men have virtually no chance of survival, he uses his extraordinary military skills to hold off American troops as long as possible.",genres: Drama,productioncompany: Warner Bros. Pictures,NO,NO,NO,NO,"
NO",  YES,  NO,"NO 
"
8991,"reviewcontent: There are legions who will be as tickled by this movie as Wes Anderson himself, who must be in awe of how close this meticulously constructed fantasy comes to the original vision in his head.",reviewtype: Fresh,topcritic: False,rottentomatoeslink: m/1197696-fantastic_mr_fox,movietitle: Fantastic Mr. Fox,"movieinfo: After 12 years of bucolic bliss, Mr. Fox (George Clooney) breaks a promise to his wife (Meryl Streep) and raids the farms of their human neighbors, Boggis, Bunce and Bean. Giving in to his animal instincts endangers not only his marriage but also the lives of his family and their animal friends. When the farmers force Mr. Fox and company deep underground, he has to resort to his natural craftiness to rise above the opposition.","genres: Action & Adventure, Animation, Comedy, Kids & Family",productioncompany: 20th Century Fox,YES,YES,YES,YES,"
YES",  YES,  NO,"YES 
"
169,reviewcontent: Some criticize Jarhead for ambivalence and ambiguity. But that's what Swofford's experience was about.,reviewtype: Fresh,topcritic: False,rottentomatoeslink: m/1152567-jarhead,movietitle: Jarhead,"movieinfo: In the late 1980s, Anthony Swofford (Jake Gyllenhaal) enlists as a Marine, training in boot camp under a sadistic drill instructor. Swofford undertakes a sniper course headed by Staff Sgt. Sykes (Jamie Foxx) during this time, which is shortly before the advent of the Gulf War. When the United States becomes involved, Swofford is shipped out, along with his spotter, Alan Troy (Peter Sarsgaard). Facing uncertainty each day -- about the war and home -- the soldiers try to maintain composure.",genres: Drama,productioncompany: Universal Pictures,NO,NO,NO,NO,"
NO",  YES,  NO,"NO 
"
1795,reviewcontent: This joyless adaptation of a beloved story comes up short in almost every way.,reviewtype: Rotten,topcritic: False,rottentomatoeslink: m/1221547-alice_in_wonderland,movietitle: Alice in Wonderland,"movieinfo: A young girl when she first visited magical Underland, Alice Kingsleigh (Mia Wasikowska) is now a teenager with no memory of the place -- except in her dreams. Her life takes a turn for the unexpected when, at a garden party for her fiance and herself, she spots a certain white rabbit and tumbles down a hole after him. Reunited with her friends the Mad Hatter (Johnny Depp), the Cheshire Cat and others, Alice learns it is her destiny to end the Red Queen's (Helena Bonham Carter) reign of terror.","genres: Animation, Classics, Comedy, Kids & Family, Science Fiction & Fantasy",productioncompany: Film Chest,YES,YES,NO,YES,"
YES",  YES,  NO,"YES 
"
3975,"reviewcontent: Director Tom Dey demonstrated a knack for mixing action and idiosyncratic humor in his charming 2000 debut Shanghai Noon, but Showtime's uninspired send-up of TV cop show cliches mostly leaves him shooting blanks.",reviewtype: Rotten,topcritic: False,rottentomatoeslink: m/1113375-showtime,movietitle: Showtime,"movieinfo: When a no-nonsense LAPD detective (Robert De Niro) is forced to star in a reality-based television show with a frustrated actor-turned-LAPD-patrolman (Eddie Murphy), they find their lives turned upside down by a powerhouse producer (Rene Russo) and her very intrusive camera crew.",genres: Comedy,productioncompany: Warner Bros. Pictures,NO,NO,NO,NO,"
NO",  YES,  NO,"NO 
"
6820,"reviewcontent: With all that smoke swirling around our six heroes, all bearded, all muscle-bound, it's almost impossible to tell them apart. 'So which of them died?' was a typical comment as we left the cinema.",reviewtype: Rotten,topcritic: False,rottentomatoeslink: m/13_hours_the_secret_soldiers_of_benghazi,movietitle: 13 Hours: The Secret Soldiers Of Benghazi,"movieinfo: On Sept. 11, 2012, Islamic militants attack the U.S. Consulate in Benghazi, Libya, killing Ambassador J. Christopher Stevens and Sean Smith, an officer for the Foreign Service. Stationed less than one mile away are members (James Badge Dale, John Krasinski, Max Martini) of the Annex Security Team, former soldiers assigned to protect operatives and diplomats in the city. As the assault rages on, the six men engage the combatants in a fierce firefight to save the lives of the remaining Americans.","genres: Action & Adventure, Drama",productioncompany: Paramount Pictures,NO,NO,NO,NO,"
NO",  NO,  NO,"NO 
"
7826,reviewcontent: [Efron] sells it almost single-handedly through sheer force of scrumminess.,reviewtype: Fresh,topcritic: True,rottentomatoeslink: m/the_lucky_one_2012,movietitle: The Lucky One,"movieinfo: U.S. Marine Sgt. Logan Thibault (Zac Efron) returns home from his third tour of duty in Iraq with the one thing he believes kept him alive: a photograph of a woman he doesn't even know. He learns the woman's name is Beth (Taylor Schilling) and goes to meet her, eventually taking a job at her family-run kennel. Though Beth is full of mistrust and leads a complicated life, a romance blooms, giving Logan hope that Beth could become more than just his good-luck charm.",genres: Drama,productioncompany: Warner Bros. Pictures,NO,NO,NO,YES,"
NO",  YES,  NO,"NO 
"
11809,reviewcontent: I found Tim Burton's Alice in Wonderland to be a treasure trove full of delight and near-amazement. The imagery is bold and ravishing. Alice in Wonderland is surreal and smashing.,reviewtype: Fresh,topcritic: False,rottentomatoeslink: m/1221547-alice_in_wonderland,movietitle: Alice in Wonderland,"movieinfo: A young girl when she first visited magical Underland, Alice Kingsleigh (Mia Wasikowska) is now a teenager with no memory of the place -- except in her dreams. Her life takes a turn for the unexpected when, at a garden party for her fiance and herself, she spots a certain white rabbit and tumbles down a hole after him. Reunited with her friends the Mad Hatter (Johnny Depp), the Cheshire Cat and others, Alice learns it is her destiny to end the Red Queen's (Helena Bonham Carter) reign of terror.","genres: Animation, Classics, Comedy, Kids & Family, Science Fiction & Fantasy",productioncompany: Film Chest,YES,YES,YES,YES,"
YES",  YES,  NO,"YES 
"
1039,"reviewcontent: In a promising debut, director Dan Trachtenberg abandons not only the original's structure, but also its genre. [Full review in Portuguese.]",reviewtype: Fresh,topcritic: False,rottentomatoeslink: m/10_cloverfield_lane,movietitle: 10 Cloverfield Lane,"movieinfo: After surviving a car accident, Michelle (Mary Elizabeth Winstead) wakes up to find herself in an underground bunker with two men. Howard (John Goodman) tells her that a massive chemical attack has rendered the air unbreathable, and their only hope of survival is to remain inside. Despite the comforts of home, Howard's controlling and menacing nature makes Michelle want to escape. After taking matters into her own hands, the young woman finally discovers the truth about the outside world.","genres: Drama, Mystery & Suspense, Science Fiction & Fantasy",productioncompany: Bad Robot Productions,NO,NO,NO,NO,"
NO",  YES,  NO,"NO 
"
2848,reviewcontent: It's the perfect animation format for Wes Anderson and makes permeable Anderson's frequently airtight outlook.,reviewtype: Fresh,topcritic: False,rottentomatoeslink: m/1197696-fantastic_mr_fox,movietitle: Fantastic Mr. Fox,"movieinfo: After 12 years of bucolic bliss, Mr. Fox (George Clooney) breaks a promise to his wife (Meryl Streep) and raids the farms of their human neighbors, Boggis, Bunce and Bean. Giving in to his animal instincts endangers not only his marriage but also the lives of his family and their animal friends. When the farmers force Mr. Fox and company deep underground, he has to resort to his natural craftiness to rise above the opposition.","genres: Action & Adventure, Animation, Comedy, Kids & Family",productioncompany: 20th Century Fox,YES,YES,YES,YES,"
YES",  YES,  NO,"YES 
"
3371,"reviewcontent: As you might expect with director Roland Emmerich, the movie isn't a patch on the trailer.",reviewtype: Rotten,topcritic: True,rottentomatoeslink: m/2012,movietitle: 2012,"movieinfo: Earth's billions of inhabitants are unaware that the planet has an expiration date. With the warnings of an American scientist (Chiwetel Ejiofor), world leaders begin secret preparations for the survival of select members of society. When the global cataclysm finally occurs, failed writer Jackson Curtis (John Cusack) tries to lead his family to safety as the world starts falling apart.","genres: Action & Adventure, Drama, Mystery & Suspense, Science Fiction & Fantasy",productioncompany: Sony Pictures/Columbia,NO,NO,NO,NO,"
NO",  YES,  NO,"NO 
"
8829,"reviewcontent: When 20th Century Women concerns itself with the utterly human question of personal satisfaction, it's huggable: the kind of movie you wish more directors had the courage to grab for.",reviewtype: Fresh,topcritic: True,rottentomatoeslink: m/20th_century_women,movietitle: 20th Century Women,"movieinfo: In 1979 Santa Barbara, Calif., Dorothea Fields is a determined single mother in her mid-50s who is raising her adolescent son, Jamie, at a moment brimming with cultural change and rebellion. Dorothea enlists the help of two younger women -- Abbie, a free-spirited punk artist living as a boarder in the Fields' home and Julie, a savvy and provocative teenage neighbor -- to help with Jamie's upbringing.","genres: Comedy, Drama",productioncompany: A24 Films,NO,NO,NO,NO,"
NO",  YES,  NO,"NO 
"
10349,"reviewcontent: ""The film works as a high-tech boy-fantasy successor to """"Conan the Barbarian.""""""",reviewtype: Fresh,topcritic: True,rottentomatoeslink: m/300_rise_of_an_empire,movietitle: 300: Rise of an Empire,"movieinfo: While King Leonidas and his 300 Spartans have their date with destiny at Thermopylae, another battle against the Persians is brewing, this time at sea. Themistocles (Sullivan Stapleton), a Greek general, sees the threat posed by the God-King Xerxes of Persia. He knows that he must unite all of Greece if he is to stand any chance of repelling the Persian invasion. Even if he accomplishes his mission, Themistocles must still face Artemisia (Eva Green), the ruthless leader of the Persian armada.","genres: Action & Adventure, Drama",productioncompany: Warner Bros. Pictures,NO,NO,NO,NO,"
NO",  YES,  NO,"YES 
"
8797,"reviewcontent: ""Live By Night"" is missing bite. And without teeth, all the picture can do is slosh around without focus earning the unfortunate distinction of a directorial career worst for Affleck.",reviewtype: Rotten,topcritic: False,rottentomatoeslink: m/live_by_night,movietitle: Live By Night,"movieinfo: It's the Roaring `20s and Prohibition hasn't stopped the flow of booze in an underground network of gangster-run speakeasies. The opportunity to gain power and money is there for any man with enough ambition and nerve, and Joe Coughlin, the son of the Boston Police superintendent, long ago turned his back on his strict upbringing for the spoils of being an outlaw. But even among criminals there are rules, and Joe breaks a big one: crossing a powerful mob boss by stealing his money and his moll.",genres: Drama,productioncompany: Warner Bros. Pictures,NO,NO,NO,NO,"
NO",  NO,  NO,"NO 
"
764,"reviewcontent: The youth's pain is palpable, and the film will stir viewers still wounded by that day and those who have suffered loss in general.",reviewtype: Fresh,topcritic: False,rottentomatoeslink: m/extremely_loud_and_incredibly_close,movietitle: Extremely Loud & Incredibly Close,"movieinfo: Oskar (Thomas Horn), who lost his father (Tom Hanks) in the 9/11 attack on the World Trade Center, is convinced that his dad left a final message for him somewhere in the city. Upon finding a mysterious key in his father's closet, Oskar sets out in search of the lock it fits. Feeling disconnected from his grieving mother (Sandra Bullock) and driven by a tirelessly active mind, Oskar has a journey of discovery that takes him beyond his loss and leads to a greater understanding of the world.",genres: Drama,productioncompany: Warner Bros. Pictures,NO,NO,NO,NO,"
NO",  YES,  NO,"NO 
"
1593,"reviewcontent: Michael Bay propagandizes for a right-wing idea of 'true America,' seething with disdain for anyone who isn't a former elite soldier turned mercenary.",reviewtype: Rotten,topcritic: False,rottentomatoeslink: m/13_hours_the_secret_soldiers_of_benghazi,movietitle: 13 Hours: The Secret Soldiers Of Benghazi,"movieinfo: On Sept. 11, 2012, Islamic militants attack the U.S. Consulate in Benghazi, Libya, killing Ambassador J. Christopher Stevens and Sean Smith, an officer for the Foreign Service. Stationed less than one mile away are members (James Badge Dale, John Krasinski, Max Martini) of the Annex Security Team, former soldiers assigned to protect operatives and diplomats in the city. As the assault rages on, the six men engage the combatants in a fierce firefight to save the lives of the remaining Americans.","genres: Action & Adventure, Drama",productioncompany: Paramount Pictures,NO,NO,NO,NO,"
NO",  NO,  NO,"NO 
"
14232,"reviewcontent: As opposed to its more-ambitious companion piece, which soured the mix with themes about fabricating heroes, Letters is spare, simple and claustrophobic -- pure drama, and possibly Clint Eastwood's best film.",reviewtype: Fresh,topcritic: False,rottentomatoeslink: m/letters_from_iwo_jima,movietitle: Letters from Iwo Jima,"movieinfo: Long-buried missives from the island reveal the stories of the Japanese troops who fought and died there during World War II. Among them are Saigo (Kazunari Ninomiya), a baker; Baron Nishi (Tsuyoshi Ihara), an Olympic champion; and Shimizu (Ryô Kase), an idealistic soldier. Though Lt. Gen. Tadamichi Kuribayashi (Ken Watanabe) knows he and his men have virtually no chance of survival, he uses his extraordinary military skills to hold off American troops as long as possible.",genres: Drama,productioncompany: Warner Bros. Pictures,NO,NO,NO,NO,"
NO",  YES,  NO,"NO 
"
5872,reviewcontent: The irresistibly wicked humor of this film is firmly rooted in despair. We can all relate.,reviewtype: Fresh,topcritic: False,rottentomatoeslink: m/1118700-adaptation,movietitle: Adaptation,"movieinfo: ""Nicolas Cage is Charlie Kaufman, a confused L.A. screenwriter overwhelmed by feelings of inadequacy, sexual frustration, self-loathing, and by the screenwriting ambitions of his freeloading twin brother Donald (Nicolas Cage). While struggling to adapt """"The Orchid Thief","genres: Comedy, Drama",productioncompany: Columbia Pictures,NO,NO,NO,NO,"
NO",  YES,  NO,"NO 
"
9940,"reviewcontent: Bob Hoskins looks just right as kind old Mr. Fezziwig, but that may be more of a testament to the actor's physiognomy than to the motion-capture process, which makes most of the film's cast look like they just sauntered out of Madame Tussauds.",reviewtype: Rotten,topcritic: False,rottentomatoeslink: m/10008502-christmas_carol,movietitle: Disney's A Christmas Carol,"movieinfo: Though London awaits the joyful arrival of Christmas, miserly Ebenezer Scrooge (Jim Carrey) thinks it's all humbug, berating his faithful clerk and cheerful nephew for their view. Later, Scrooge encounters the ghost of his late business partner, who warns that three spirits will visit him this night. The ghosts take Scrooge on a journey through his past, present and future in the hope of transforming his bitterness.","genres: Animation, Drama, Kids & Family, Science Fiction & Fantasy",productioncompany: Walt Disney Studios,YES,YES,YES,YES,"
NO",  YES,  NO,"NO 
"
5169,reviewcontent: Could become the classic text for a filmmaking class called 'Crafting the Message Picture 101.',reviewtype: Rotten,topcritic: False,rottentomatoeslink: m/north_country,movietitle: North Country,"movieinfo: Single mother Josey Aimes (Charlize Theron) is part of a group of the first women to work at a local iron mine in Minnesota. Offended that they have to work with women, male workers at Eveleth Mines lash out at them and subject them to sexual harassment. Appalled by the constant stream of insults, sexually explicit language and physical abuse, Josey -- despite being cautioned against it by family and friends -- files a historic sexual harassment lawsuit.",genres: Drama,productioncompany: Warner Bros. Pictures,NO,NO,NO,NO,"
NO",  YES,  NO,"NO 
"
10909,"reviewcontent: Like the eponymous flower, Pfeiffer's Ingrid is beautiful and deadly, generating enough poison to be remembered at Oscar time.",reviewtype: Fresh,topcritic: False,rottentomatoeslink: m/white_oleander,movietitle: White Oleander,"movieinfo: ""White Oleander"" chronicles the life of Astrid (Alison Lohman), a young teenager who journeys through a series of foster homes after her mother (Michelle Pfeiffer) goes to prison for committing a crime of passion. Set adrift in the world, Astrid struggles to become her own person while coming to terms with the challenges of living life on her own.",genres: Drama,productioncompany: Warner Bros. Pictures,NO,NO,NO,NO,"
NO",  YES,  NO,"NO 
"
4122,reviewcontent: Its story is not easily forgotten.,reviewtype: Fresh,topcritic: False,rottentomatoeslink: m/1191742_changeling,movietitle: Changeling,"movieinfo: In 1928 Los Angeles, single mother Christine Collins (Angelina Jolie) arrives home to find her son, Walter, gone. Five months later her prayers are answered when Walter is found in Illinois. But to Christine's horror, the boy who steps off the train is not her son. Authorities vehemently dispute Christine's claim, and her one ally is a clergyman (John Malkovich) who sees the case as his chance to expose corruption in the Los Angeles Police Department and government.","genres: Drama, Mystery & Suspense",productioncompany: Universal Pictures,NO,NO,NO,NO,"
NO",  YES,  NO,"NO 
"
12948,"reviewcontent: Body of Lies isn't half bad, sprinkling in well-shot action and some moments of genuine suspense.",reviewtype: Fresh,topcritic: False,rottentomatoeslink: m/10009225-body_of_lies,movietitle: Body of Lies,"movieinfo: CIA agent Roger Ferris (Leonardo DiCaprio) hatches a bold but dangerous plan to capture terrorist Al-Saleem. With the help of Ed Hoffman (Russell Crowe) who is a master of subterfuge, Ferris creates a fake terrorist organization to prompt Al-Saleem out of hiding. At the same time, Ferris must keep his plan secret from Hani (Mark Strong), the head of Jordanian intelligence, because Ferris will lose his own life if Hani finds out.","genres: Drama, Mystery & Suspense",productioncompany: Warner Bros. Pictures,NO,NO,NO,NO,"
NO",  YES,  NO,"NO 
"
14482,"reviewcontent: I didn't laugh anywhere near as much at this far less fresh sequel - which is broader, more vulgar, more scattershot, more overtly political and a lot less funny than it sounds on paper.",reviewtype: Rotten,topcritic: True,rottentomatoeslink: m/harold_and_kumar_2,movietitle: Harold & Kumar Escape from Guantanamo Bay,"movieinfo: After the high-flying stoners (Kal Penn, John Cho) try to smuggle a bong aboard a flight to Amsterdam, the two find themselves in jail on charges of terrorism. After making an amazing escape, Harold and Kumar flee to Texas by way of Florida, where they hope to convince Harold's well-connected friend (Eric Winter) to help them out of their predicament. The problem is, Harold's pal is about to marry Kumar's ex-sweetie (Danneel Harris).",genres: Comedy,productioncompany: Warner Bros. Pictures,NO,NO,NO,NO,"
NO",  NO,  NO,"NO 
"
149,reviewcontent: You'll enjoy it - count on it.,reviewtype: Fresh,topcritic: False,rottentomatoeslink: m/the_accountant_2016,movietitle: The Accountant,"movieinfo: Christian Wolff (Ben Affleck) is a mathematics savant with more affinity for numbers than people. Using a small-town CPA office as a cover, he makes his living as a freelance accountant for dangerous criminal organizations. With a Treasury agent (J.K. Simmons) hot on his heels, Christian takes on a state-of-the-art robotics company as a legitimate client. As Wolff gets closer to the truth about a discrepancy that involves millions of dollars, the body count starts to rise.",genres: Drama,productioncompany: Warner Bros. Pictures,NO,NO,NO,NO,"
NO",  YES,  NO,"NO 
"
11736,reviewcontent: Pacino can't be accused of sleepwalking through Christopher Nolan's brilliant Insomnia.,reviewtype: Fresh,topcritic: False,rottentomatoeslink: m/1114154-insomnia,movietitle: Insomnia,"movieinfo: ""From acclaimed director Chris Nolan (""""Memento"""") comes the story of a veteran police detective (Al Pacino) who is sent to a small Alaskan town to investigate the murder of a teenage girl. Forced into a psychological game of cat-and-mouse by the primary suspect (Robin Williams)","genres: Drama, Mystery & Suspense",productioncompany: Warner Bros. Pictures,NO,NO,NO,NO,"
NO",  YES,  NO,"NO 
"
387,reviewcontent: Gyllenhaal is the heart and soul of a darkly funny and ferociously intense movie that sets its sights on soldiers under the gun of doing nothing.,reviewtype: Fresh,topcritic: True,rottentomatoeslink: m/1152567-jarhead,movietitle: Jarhead,"movieinfo: In the late 1980s, Anthony Swofford (Jake Gyllenhaal) enlists as a Marine, training in boot camp under a sadistic drill instructor. Swofford undertakes a sniper course headed by Staff Sgt. Sykes (Jamie Foxx) during this time, which is shortly before the advent of the Gulf War. When the United States becomes involved, Swofford is shipped out, along with his spotter, Alan Troy (Peter Sarsgaard). Facing uncertainty each day -- about the war and home -- the soldiers try to maintain composure.",genres: Drama,productioncompany: Universal Pictures,NO,NO,NO,NO,"
NO",  YES,  NO,"NO 
"
3946,"reviewcontent: Oskar expounds to excess, a problem that becomes worse as time drags on and is particularly excruciating during the one-way verbal dialogues with Von Sydow",reviewtype: Rotten,topcritic: False,rottentomatoeslink: m/extremely_loud_and_incredibly_close,movietitle: Extremely Loud & Incredibly Close,"movieinfo: Oskar (Thomas Horn), who lost his father (Tom Hanks) in the 9/11 attack on the World Trade Center, is convinced that his dad left a final message for him somewhere in the city. Upon finding a mysterious key in his father's closet, Oskar sets out in search of the lock it fits. Feeling disconnected from his grieving mother (Sandra Bullock) and driven by a tirelessly active mind, Oskar has a journey of discovery that takes him beyond his loss and leads to a greater understanding of the world.",genres: Drama,productioncompany: Warner Bros. Pictures,NO,NO,NO,NO,"
NO",  YES,  NO,"NO 
"
13402,"reviewcontent: Tough to swallow, but goes down easy.",reviewtype: Fresh,topcritic: False,rottentomatoeslink: m/osmosis_jones,movietitle: Osmosis Jones,"movieinfo: A cutting-edge, live action/animated action adventure comedy about one white blood cell's (Chris Rock) race against the biological clock to hunt down and destroy a lethal new virus (Laurence Fishburne). Bill Murray stars as Frank, in whose body the action unfolds.",genres: Comedy,productioncompany: Warner Bros. Pictures,NO,YES,NO,YES,"
NO",  YES,  NO,"YES 
"
1373,"reviewcontent: For better or for worse, it's Burton's imagination that keeps the proceedings lively, even if its' not as blatantly humorous as we'd like.",reviewtype: Fresh,topcritic: False,rottentomatoeslink: m/1221547-alice_in_wonderland,movietitle: Alice in Wonderland,"movieinfo: A young girl when she first visited magical Underland, Alice Kingsleigh (Mia Wasikowska) is now a teenager with no memory of the place -- except in her dreams. Her life takes a turn for the unexpected when, at a garden party for her fiance and herself, she spots a certain white rabbit and tumbles down a hole after him. Reunited with her friends the Mad Hatter (Johnny Depp), the Cheshire Cat and others, Alice learns it is her destiny to end the Red Queen's (Helena Bonham Carter) reign of terror.","genres: Animation, Classics, Comedy, Kids & Family, Science Fiction & Fantasy",productioncompany: Film Chest,YES,YES,YES,YES,"
YES",  YES,  NO,"YES 
"
2884,reviewcontent: A very frustrating watch as 28 Days Later... could have been a great film and the first half is just that. It is a shame about the rest.,reviewtype: Fresh,topcritic: False,rottentomatoeslink: m/28_days_later,movietitle: 28 Days Later,"movieinfo: ""A group of misguided animal rights activists free a caged chimp infected with the """"Rage"""" virus from a medical research lab. When London bike courier Jim (Cillian Murphy) wakes up from a coma a month after","genres: Horror, Science Fiction & Fantasy",productioncompany: Fox Searchlight Pictures,NO,NO,NO,NO,"
NO",  YES,  NO,"NO 
"
14042,"reviewcontent: This sense of triumph, more palpable because it's true, should touch even the crustiest of cynics.",reviewtype: Fresh,topcritic: False,rottentomatoeslink: m/we_are_marshall,movietitle: We Are Marshall,"movieinfo: In 1970, Marshall University and the small town of Huntington, W.Va., reel when a plane crash claims the lives of 75 of the school's football players, staff members and boosters. New coach Jack Lengyel (Matthew McConaughey) arrives on the scene in March 1971, determined to rebuild Marshall's Thundering Herd and heal a grieving community in the process.",genres: Drama,productioncompany: Warner Bros. Pictures,YES,NO,NO,YES,"
NO",  YES,  NO,"NO 
"
11360,reviewcontent: This fantastic Chilean woman very much lives up to the film's title.,reviewtype: Fresh,topcritic: False,rottentomatoeslink: m/a_fantastic_woman,movietitle: A Fantastic Woman (Una mujer fantástica),movieinfo: A transgender singer faces scorn and discrimination after the sudden death of her older boyfriend.,"genres: Art House & International, Drama",productioncompany: Sony Pictures Classics,NO,NO,NO,NO,"
NO",  YES,  NO,"NO 
"
2991,"reviewcontent: Dispassionate and dull despite some strong performances, Lucky You just feels played out.",reviewtype: Rotten,topcritic: True,rottentomatoeslink: m/lucky_you,movietitle: Lucky You,"movieinfo: Huck Cheever (Eric Bana) is a talented poker player who must balance an intense love affair with the feats he must accomplish to win a slot in the world championship game in Las Vegas. If he makes it to the table, there is a chance he may have to compete against his father (Robert Duvall), a poker legend who abandoned Huck's mother years ago.",genres: Drama,productioncompany: Warner Bros. Pictures,NO,NO,NO,NO,"
NO",  NO,  NO,"NO 
"
11595,reviewcontent: Held together by Al Pacino's Oscar-worthy performance.,reviewtype: Fresh,topcritic: False,rottentomatoeslink: m/1114154-insomnia,movietitle: Insomnia,"movieinfo: ""From acclaimed director Chris Nolan (""""Memento"""") comes the story of a veteran police detective (Al Pacino) who is sent to a small Alaskan town to investigate the murder of a teenage girl. Forced into a psychological game of cat-and-mouse by the primary suspect (Robin Williams)","genres: Drama, Mystery & Suspense",productioncompany: Warner Bros. Pictures,NO,NO,NO,NO,"
NO",  YES,  NO,"NO 
"
10581,"reviewcontent: Buried within the steaming pile that is Blended - Sandler's latest dump into theatres as star and producer - is an actor who can nail the unassuming zinger, throw some beautiful tantrums and play sensitive characters who use humour as a defence mechanism.",reviewtype: Rotten,topcritic: False,rottentomatoeslink: m/blended,movietitle: Blended,"movieinfo: Recently divorced mom Lauren (Drew Barrymore) and widowed dad Jim (Adam Sandler) let their friends push them into a blind date, which goes disastrously wrong. Unsurprisingly, neither wants to see the other ever again. However, fate intervenes when both Jim and Lauren, unbeknown to each other, purchase one-half of the same vacation package at a South African resort; they and their children are forced to share the same suite and participate in a slew of family activities together.",genres: Comedy,productioncompany: Warner Bros. Pictures,NO,NO,NO,YES,"
NO",  YES,  NO,"NO 
"
14867,"reviewcontent: A combo of derivative, innovative and kooky. It's colourful and bright with larger than life characters and a techno-themed plot that counters themes about self-esteem, family and belonging",reviewtype: Fresh,topcritic: False,rottentomatoeslink: m/1214097-despicable_me,movietitle: Despicable Me,"movieinfo: A man who delights in all things wicked, supervillain Gru (Steve Carell) hatches a plan to steal the moon. Surrounded by an army of little yellow minions and his impenetrable arsenal of weapons and war machines, Gru makes ready to vanquish all who stand in his way. But nothing in his calculations and groundwork has prepared him for his greatest challenge: three adorable orphan girls (Miranda Cosgrove, Dana Gaier, Elsie Fisher) who want to make him their dad.","genres: Animation, Comedy, Kids & Family",productioncompany: Universal Pictures,YES,YES,YES,YES,"
YES",  YES,  NO,"YES 
"
14424,"reviewcontent: 28 Weeks Later doesn't just recycle the premise, apocalyptic mood and insane violence of the original: It adds thematic layers to its zombie milieu, deepening the scares while justifying the sequel's existence.",reviewtype: Fresh,topcritic: True,rottentomatoeslink: m/28_weeks_later,movietitle: 28 Weeks Later...,"movieinfo: Six months after the original epidemic, the rage virus has all but annihilated the population of the British Isles. Nevertheless the U.S. Army declares the danger past, and American soldiers arrive to restore order and begin reconstruction. Refugees return to British soil, but one of them carries a deadly secret: The virus is not gone and is even more dangerous than before.","genres: Horror, Mystery & Suspense, Science Fiction & Fantasy",productioncompany: Fox Atomic,NO,NO,NO,NO,"
NO",  YES,  NO,"NO 
"
3024,reviewcontent: John McClean goes to Chernobyl. That's where we're at. Chernobyl.,reviewtype: Rotten,topcritic: False,rottentomatoeslink: m/a_good_day_to_die_hard,movietitle: A Good Day To Die Hard,"movieinfo: New York City cop John McClane (Bruce Willis) arrives in Moscow to track down his estranged son, Jack (Jai Courtney). McClane thinks his son is a criminal, so it comes as a shock when he learns that Jack is actually working undercover to protect Komarov (Sebastian Koch), a Russian government whistleblower. With their own lives on the line, McClane and Jack must overcome their differences in order to get Komarov to safety and thwart a potentially disastrous crime in the Chernobyl region.",genres: Action & Adventure,productioncompany: 20th Century Fox,NO,NO,NO,NO,"
NO",  YES,  NO,"NO 
"
251,"reviewcontent: A faithful, respectful hat tip to a franchise loved the world over.",reviewtype: Fresh,topcritic: False,rottentomatoeslink: m/10012256-predators,movietitle: Predators,"movieinfo: Brought together on a mysterious planet, a mercenary (Adrien Brody) and a group of coldblooded killers now become the prey. A new breed of aliens pursues the ragtag humans through dense jungle. The group must work together to survive, or become the latest trophies of the fearsome intergalactic hunters.","genres: Action & Adventure, Horror, Science Fiction & Fantasy",productioncompany: 20th Century Fox,NO,NO,NO,NO,"
NO",  YES,  NO,"NO 
"
12146,reviewcontent: You get the feeling that a darker and more clever Despicable Me may have existed at some point before the studio defaulted to the safe side.,reviewtype: Rotten,topcritic: False,rottentomatoeslink: m/1214097-despicable_me,movietitle: Despicable Me,"movieinfo: A man who delights in all things wicked, supervillain Gru (Steve Carell) hatches a plan to steal the moon. Surrounded by an army of little yellow minions and his impenetrable arsenal of weapons and war machines, Gru makes ready to vanquish all who stand in his way. But nothing in his calculations and groundwork has prepared him for his greatest challenge: three adorable orphan girls (Miranda Cosgrove, Dana Gaier, Elsie Fisher) who want to make him their dad.","genres: Animation, Comedy, Kids & Family",productioncompany: Universal Pictures,YES,YES,YES,YES,"
YES",  YES,  NO,"YES 
"
11438,"reviewcontent: So completely empty, so devoid of any story, character, or acting ability, that the few moments when the frantic pace slows down enough to let the characters talk, are painful.",reviewtype: Rotten,topcritic: False,rottentomatoeslink: m/a_good_day_to_die_hard,movietitle: A Good Day To Die Hard,"movieinfo: New York City cop John McClane (Bruce Willis) arrives in Moscow to track down his estranged son, Jack (Jai Courtney). McClane thinks his son is a criminal, so it comes as a shock when he learns that Jack is actually working undercover to protect Komarov (Sebastian Koch), a Russian government whistleblower. With their own lives on the line, McClane and Jack must overcome their differences in order to get Komarov to safety and thwart a potentially disastrous crime in the Chernobyl region.",genres: Action & Adventure,productioncompany: 20th Century Fox,NO,NO,NO,NO,"
NO",  NO,  NO,"NO 
"
7092,reviewcontent: Harold & Kumar Escape From Guantanamo Bay embraces America's capacity for decency and kindness. The possibility that we could actually be that great country isn't just a pipe dream. Only sometimes you need a pipe to truly believe in it.,reviewtype: Fresh,topcritic: True,rottentomatoeslink: m/harold_and_kumar_2,movietitle: Harold & Kumar Escape from Guantanamo Bay,"movieinfo: After the high-flying stoners (Kal Penn, John Cho) try to smuggle a bong aboard a flight to Amsterdam, the two find themselves in jail on charges of terrorism. After making an amazing escape, Harold and Kumar flee to Texas by way of Florida, where they hope to convince Harold's well-connected friend (Eric Winter) to help them out of their predicament. The problem is, Harold's pal is about to marry Kumar's ex-sweetie (Danneel Harris).",genres: Comedy,productioncompany: Warner Bros. Pictures,NO,NO,NO,NO,"
NO",  YES,  NO,"NO 
"
932,"reviewcontent: The movie is a home run, and Ford is a grand ham.",reviewtype: Fresh,topcritic: False,rottentomatoeslink: m/42_2013,movietitle: 42,"movieinfo: In 1946, Branch Rickey (Harrison Ford), legendary manager of the Brooklyn Dodgers, defies major league baseball's notorious color barrier by signing Jackie Robinson (Chadwick Boseman) to the team. The heroic act puts both Rickey and Robinson in the firing line of the public, the press and other players. Facing open racism from all sides, Robinson demonstrates true courage and admirable restraint by not reacting in kind and lets his undeniable talent silence the critics for him.",genres: Drama,productioncompany: Warner Bros. Pictures,NO,NO,NO,YES,"
NO",  YES,  NO,"YES 
"
7217,"reviewcontent: It sounds mawkish as hell, but director RJ Cutler reads his target teen audience well, crediting them with more intelligence and resilience than one might expect.",reviewtype: Fresh,topcritic: False,rottentomatoeslink: m/if_i_stay,movietitle: If I Stay,"movieinfo: Mia Hall (Chloë Grace Moretz), a talented young cellist, thought the most difficult decision she would ever have to make would be whether to pursue her musical dreams at prestigious Juilliard or follow her heart to be with the love of her life, Adam (Jamie Blackley), a rock singer/guitarist. However, a car wreck changes everything in an instant, and now Mia's life hangs in the balance. Suspended between life and death, Mia faces a choice that will decide her future.",genres: Drama,productioncompany: Warner Bros. Pictures,NO,NO,NO,YES,"
NO",  YES,  NO,"NO 
"
3684,"reviewcontent: Even with the supernatural elements, If I Stay is never particularly compelling.",reviewtype: Rotten,topcritic: False,rottentomatoeslink: m/if_i_stay,movietitle: If I Stay,"movieinfo: Mia Hall (Chloë Grace Moretz), a talented young cellist, thought the most difficult decision she would ever have to make would be whether to pursue her musical dreams at prestigious Juilliard or follow her heart to be with the love of her life, Adam (Jamie Blackley), a rock singer/guitarist. However, a car wreck changes everything in an instant, and now Mia's life hangs in the balance. Suspended between life and death, Mia faces a choice that will decide her future.",genres: Drama,productioncompany: Warner Bros. Pictures,NO,NO,NO,YES,"
NO",  YES,  NO,"NO 
"
8368,"reviewcontent: Just Mercy may hit a lot of the familiar beats of a based on a true story legal drama, but the performances by Michael B. Jordan, Jamie Foxx, and Rob Morgan more than make up for its flaws.",reviewtype: Fresh,topcritic: False,rottentomatoeslink: m/just_mercy,movietitle: Just Mercy,"movieinfo: After graduating from Harvard, Bryan Stevenson heads to Alabama to defend those wrongly condemned or those not afforded proper representation. One of his first cases is that of Walter McMillian, who is sentenced to die in 1987 for the murder of an 18-year-old girl, despite evidence proving his innocence. In the years that follow, Stevenson encounters racism and legal and political maneuverings as he tirelessly fights for McMillian's life.",genres: Drama,productioncompany: Warner Bros. Pictures,NO,NO,NO,NO,"
NO",  YES,  NO,"NO 
"
9478,reviewcontent: There are already so many great adaptions of the classic Dickens story %u2013 this one adds nothing but CGI and gimmicky 3D effects.,reviewtype: Fresh,topcritic: False,rottentomatoeslink: m/10008502-christmas_carol,movietitle: Disney's A Christmas Carol,"movieinfo: Though London awaits the joyful arrival of Christmas, miserly Ebenezer Scrooge (Jim Carrey) thinks it's all humbug, berating his faithful clerk and cheerful nephew for their view. Later, Scrooge encounters the ghost of his late business partner, who warns that three spirits will visit him this night. The ghosts take Scrooge on a journey through his past, present and future in the hope of transforming his bitterness.","genres: Animation, Drama, Kids & Family, Science Fiction & Fantasy",productioncompany: Walt Disney Studios,YES,YES,YES,YES,"
YES",  YES,  NO,"NO 
"
11724,reviewcontent: It's apt that Haggis' most recent cinematic effort concentrated on boxing; he is just as eager to pound us over the head in Crash.,reviewtype: Rotten,topcritic: False,rottentomatoeslink: m/1144992-crash,movietitle: Crash,"movieinfo: Writer-director Paul Haggis interweaves several connected stories about race, class, family and gender in Los Angeles in the aftermath of 9/11. Characters include a district attorney (Brendan Fraser) and his casually prejudiced wife (Sandra Bullock), dating police detectives Graham (Don Cheadle) and Ria (Jennifer Esposito), a victimized Middle Eastern store owner and a wealthy African-American couple (Terrence Dashon Howard, Thandie Newton) humiliated by a racist traffic cop (Matt Dillon).",genres: Drama,productioncompany: Lions Gate Films,NO,NO,NO,NO,"
NO",  NO,  NO,"NO 
"
7417,"reviewcontent: A triumph of pure cinema, Public Enemies is one of the most visually experimental films of Mann's career.",reviewtype: Fresh,topcritic: True,rottentomatoeslink: m/10009526-public_enemies,movietitle: Public Enemies,"movieinfo: Depression-era bank robber John Dillinger's (Johnny Depp) charm and audacity endear him to much of America's downtrodden public, but he's also a thorn in the side of J. Edgar Hoover (Billy Crudup) and the fledgling FBI. Desperate to capture the elusive outlaw, Hoover makes Dillinger his first Public Enemy Number One and assigns his top agent, Melvin Purvis (Christian Bale), the task of bringing him in dead or alive.","genres: Action & Adventure, Drama",productioncompany: Universal Studios,NO,NO,NO,NO,"
NO",  YES,  NO,"NO 
"
10504,"reviewcontent: Smart, tense and surprisingly pared down.",reviewtype: Fresh,topcritic: False,rottentomatoeslink: m/10_cloverfield_lane,movietitle: 10 Cloverfield Lane,"movieinfo: After surviving a car accident, Michelle (Mary Elizabeth Winstead) wakes up to find herself in an underground bunker with two men. Howard (John Goodman) tells her that a massive chemical attack has rendered the air unbreathable, and their only hope of survival is to remain inside. Despite the comforts of home, Howard's controlling and menacing nature makes Michelle want to escape. After taking matters into her own hands, the young woman finally discovers the truth about the outside world.","genres: Drama, Mystery & Suspense, Science Fiction & Fantasy",productioncompany: Bad Robot Productions,NO,NO,NO,NO,"
NO",  YES,  NO,"NO 
"
10515,reviewcontent: Barrymore finds love with a degenerate gambler and proves she cannot act. Easily ruins the movie with no chemistry with Bana.,reviewtype: Rotten,topcritic: False,rottentomatoeslink: m/lucky_you,movietitle: Lucky You,"movieinfo: Huck Cheever (Eric Bana) is a talented poker player who must balance an intense love affair with the feats he must accomplish to win a slot in the world championship game in Las Vegas. If he makes it to the table, there is a chance he may have to compete against his father (Robert Duvall), a poker legend who abandoned Huck's mother years ago.",genres: Drama,productioncompany: Warner Bros. Pictures,NO,NO,NO,NO,"
NO",  NO,  NO,"NO 
"
13509,"reviewcontent: A decent, absorbing film but it all felt more urgent and compelling when it was unfolding on a daily basis on the news.",reviewtype: Fresh,topcritic: False,rottentomatoeslink: m/the_33,movietitle: The 33,"movieinfo: Disaster strikes on Aug. 5, 2010, as a copper and gold mine collapses in Chile, trapping 33 men underground. With more than 2,000 feet of rock in their way, members of a rescue team work tirelessly for 69 days to save the seemingly doomed crew. Beneath the rubble, the miners begin an epic quest to survive, contending with suffocating heat and the need for food and water. With family, friends and the rest of the world watching, it becomes a race against time and a true test of the human spirit.",genres: Drama,productioncompany: Warner Bros. Pictures,NO,NO,NO,YES,"
NO",  YES,  NO,"NO 
"
7172,"reviewcontent: Haigh knows how to thread a story in a way that makes it feel deliberate and spontaneous, so that when it reaches its climax, viewers feel that it's both inevitable and utterly devastating.",reviewtype: Fresh,topcritic: True,rottentomatoeslink: m/45_years,movietitle: 45 Years,"movieinfo: As their 45th wedding anniversary approaches, a woman (Charlotte Rampling) learns that her husband (Tom Courtenay) was once engaged to someone else.",genres: Drama,productioncompany: Sundance Selects,NO,NO,NO,NO,"
NO",  YES,  NO,"NO 
"
3328,"reviewcontent: Touching but manipulative romantic drama about life, death.",reviewtype: Fresh,topcritic: False,rottentomatoeslink: m/me_before_you,movietitle: Me Before You,"movieinfo: Young and quirky Louisa ""Lou"" Clark (Emilia Clarke) moves from one job to the next to help her family make ends meet. Her cheerful attitude is put to the test when she becomes a caregiver for Will Traynor (Sam Claflin), a wealthy young banker left paralyzed from an accident two years earlier. Will's cynical outlook starts to change when Louisa shows him that life is worth living. As their bond deepens, their lives and hearts change in ways neither one could have imagined.",genres: Drama,productioncompany: Warner Bros. Pictures,NO,NO,NO,NO,"
NO",  YES,  NO,"NO 
"
5023,reviewcontent: Stephen Daldry's extremely labored and incredibly crass adaptation of Jonathan Safran Foer's novel.,reviewtype: Rotten,topcritic: True,rottentomatoeslink: m/extremely_loud_and_incredibly_close,movietitle: Extremely Loud & Incredibly Close,"movieinfo: Oskar (Thomas Horn), who lost his father (Tom Hanks) in the 9/11 attack on the World Trade Center, is convinced that his dad left a final message for him somewhere in the city. Upon finding a mysterious key in his father's closet, Oskar sets out in search of the lock it fits. Feeling disconnected from his grieving mother (Sandra Bullock) and driven by a tirelessly active mind, Oskar has a journey of discovery that takes him beyond his loss and leads to a greater understanding of the world.",genres: Drama,productioncompany: Warner Bros. Pictures,NO,NO,NO,NO,"
NO",  NO,  NO,"NO 
"
2214,"reviewcontent: Wise, cruelly observant of human nature and hysterically funny.",reviewtype: Fresh,topcritic: False,rottentomatoeslink: m/1118700-adaptation,movietitle: Adaptation,"movieinfo: ""Nicolas Cage is Charlie Kaufman, a confused L.A. screenwriter overwhelmed by feelings of inadequacy, sexual frustration, self-loathing, and by the screenwriting ambitions of his freeloading twin brother Donald (Nicolas Cage). While struggling to adapt """"The Orchid Thief","genres: Comedy, Drama",productioncompany: Columbia Pictures,NO,NO,NO,NO,"
NO",  YES,  NO,"NO 
"
2216,"reviewcontent: We've laughed at Will Ferrell and Amy Poehler in lots of movies, but audiences will barely chuckle at their latest film, The House, a hot mess of lame jokes and weak writing.",reviewtype: Rotten,topcritic: False,rottentomatoeslink: m/the_house_2017,movietitle: The House,"movieinfo: Scott and Kate Johansen must figure out a way to earn some money after their daughter's scholarship falls through. When all else fails, the desperate couple join forces with their neighbor Frank to start an underground casino in his home. As the cash rolls in and the good times fly, Scott and Kate soon learn that they may have bitten off more than they can chew.",genres: Comedy,productioncompany: Warner Bros. Pictures,NO,NO,NO,NO,"
NO",  NO,  NO,"NO 
"
14795,"reviewcontent: ""Robinson's story had so much drama in real life, and his sacrifice and pain made such a lasting influence, that """"42"""" ends up being effective in its gee-whiz way almost in spite of itself.""",reviewtype: Fresh,topcritic: True,rottentomatoeslink: m/42_2013,movietitle: 42,"movieinfo: In 1946, Branch Rickey (Harrison Ford), legendary manager of the Brooklyn Dodgers, defies major league baseball's notorious color barrier by signing Jackie Robinson (Chadwick Boseman) to the team. The heroic act puts both Rickey and Robinson in the firing line of the public, the press and other players. Facing open racism from all sides, Robinson demonstrates true courage and admirable restraint by not reacting in kind and lets his undeniable talent silence the critics for him.",genres: Drama,productioncompany: Warner Bros. Pictures,NO,NO,NO,YES,"
NO",  YES,  NO,"NO 
"
2859,"reviewcontent: ""You can feel the French sensibility ringing throughout """"Despicable Me."""" There is a cool aloofness to the proceedings that gives the film an edge and helps to make its dark humor something unique and unexpected.""",reviewtype: Fresh,topcritic: False,rottentomatoeslink: m/1214097-despicable_me,movietitle: Despicable Me,"movieinfo: A man who delights in all things wicked, supervillain Gru (Steve Carell) hatches a plan to steal the moon. Surrounded by an army of little yellow minions and his impenetrable arsenal of weapons and war machines, Gru makes ready to vanquish all who stand in his way. But nothing in his calculations and groundwork has prepared him for his greatest challenge: three adorable orphan girls (Miranda Cosgrove, Dana Gaier, Elsie Fisher) who want to make him their dad.","genres: Animation, Comedy, Kids & Family",productioncompany: Universal Pictures,YES,YES,YES,YES,"
YES",  YES,  NO,"YES 
"
4024,reviewcontent: It doesn't help that a market-friendly PG-13 rating constrains the movie so that it resembles a network TV production with the rough edges of real racism rounded off way too nicely.,reviewtype: Rotten,topcritic: False,rottentomatoeslink: m/just_mercy,movietitle: Just Mercy,"movieinfo: After graduating from Harvard, Bryan Stevenson heads to Alabama to defend those wrongly condemned or those not afforded proper representation. One of his first cases is that of Walter McMillian, who is sentenced to die in 1987 for the murder of an 18-year-old girl, despite evidence proving his innocence. In the years that follow, Stevenson encounters racism and legal and political maneuverings as he tirelessly fights for McMillian's life.",genres: Drama,productioncompany: Warner Bros. Pictures,NO,NO,NO,NO,"
NO",  YES,  NO,"NO 
"
2760,reviewcontent: Wow. This is what comic purgatory must look like.,reviewtype: Rotten,topcritic: False,rottentomatoeslink: m/father_figures_2017,movietitle: Father Figures,"movieinfo: Brothers Kyle and Peter Reynolds were raised to believe that their dad died when they were young. They're shocked to discover that their mother lied about his death because she never knew who the biological father was. Setting out on an epic quest to find him, the two siblings soon learn more about their mom's past than they ever wanted to know.",genres: Comedy,productioncompany: Warner Bros. Pictures,NO,NO,NO,YES,"
NO",  YES,  NO,"NO 
"
3290,reviewcontent: The work of director and co-writer Destin Daniel Cretton is simply fascinating and the story of Bryan Stevenson worth telling. [Full review in Spanish],reviewtype: Fresh,topcritic: False,rottentomatoeslink: m/just_mercy,movietitle: Just Mercy,"movieinfo: After graduating from Harvard, Bryan Stevenson heads to Alabama to defend those wrongly condemned or those not afforded proper representation. One of his first cases is that of Walter McMillian, who is sentenced to die in 1987 for the murder of an 18-year-old girl, despite evidence proving his innocence. In the years that follow, Stevenson encounters racism and legal and political maneuverings as he tirelessly fights for McMillian's life.",genres: Drama,productioncompany: Warner Bros. Pictures,NO,NO,NO,NO,"
NO",  YES,  NO,"NO 
"
10043,reviewcontent: There is little or nothing here for young children and some may be frightened. All the better for us big kids who can appreciate wit and artisanship.,reviewtype: Fresh,topcritic: False,rottentomatoeslink: m/1197696-fantastic_mr_fox,movietitle: Fantastic Mr. Fox,"movieinfo: After 12 years of bucolic bliss, Mr. Fox (George Clooney) breaks a promise to his wife (Meryl Streep) and raids the farms of their human neighbors, Boggis, Bunce and Bean. Giving in to his animal instincts endangers not only his marriage but also the lives of his family and their animal friends. When the farmers force Mr. Fox and company deep underground, he has to resort to his natural craftiness to rise above the opposition.","genres: Action & Adventure, Animation, Comedy, Kids & Family",productioncompany: 20th Century Fox,YES,YES,NO,NO,"
NO",  YES,  NO,"NO 
"
2626,"reviewcontent: A estratgia visual tumultuada, embora torne a narrativa mais dinmica, eventualmente acaba tambm diluindo sua fora.",reviewtype: Fresh,topcritic: False,rottentomatoeslink: m/127_hours,movietitle: 127 Hours,"movieinfo: ""While exploring a remote canyon in Utah, mountaineer and adventurer Aron Ralston (James Franco) becomes trapped when a boulder falls on his arm. Over the next five days, Ralston examines his life and considers his options, leading him to an agonizing choice: to amputate his arm so that he can extricate himself and try to make his way back to civilization or remain pinned to the canyon wall and likely die. Based on Ralston's book, """"Between a Rock and a Hard Place.""""""",genres: Drama,productioncompany: Fox Searchlight,NO,NO,NO,NO,"
NO",  YES,  NO,"NO 
"
4609,"reviewcontent: ...the movie suggests not only [Frank] Miller's graphic novel, but the equally compelling fantasy art of Frank Frazetta.",reviewtype: Fresh,topcritic: False,rottentomatoeslink: m/300,movietitle: 300,"movieinfo: In 480 B.C. a state of war exists between Persia, led by King Xerxes (Rodrigo Santoro), and Greece. At the Battle of Thermopylae, Leonidas (Gerard Butler), king of the Greek city state of Sparta, leads his badly outnumbered warriors against the massive Persian army. Though certain death awaits the Spartans, their sacrifice inspires all of Greece to unite against their common enemy.","genres: Action & Adventure, Drama",productioncompany: Warner Bros. Pictures,NO,NO,NO,NO,"
NO",  YES,  NO,"NO 
"
13283,"reviewcontent: It must be noted that the movie demands some degree of resolve from its audience, and it promises no simple resolutions in return. This will trouble some, yet one can't call its rigorously factual approach dishonest or cheaply manipulative.",reviewtype: Fresh,topcritic: False,rottentomatoeslink: m/1191742_changeling,movietitle: Changeling,"movieinfo: In 1928 Los Angeles, single mother Christine Collins (Angelina Jolie) arrives home to find her son, Walter, gone. Five months later her prayers are answered when Walter is found in Illinois. But to Christine's horror, the boy who steps off the train is not her son. Authorities vehemently dispute Christine's claim, and her one ally is a clergyman (John Malkovich) who sees the case as his chance to expose corruption in the Los Angeles Police Department and government.","genres: Drama, Mystery & Suspense",productioncompany: Universal Pictures,NO,NO,NO,NO,"
NO",  YES,  NO,"NO 
"
12472,"reviewcontent: Three years ago, the Onion A.V. Club ran a list of great films that are too painful to watch twice. That list has a new Number One.",reviewtype: Fresh,topcritic: False,rottentomatoeslink: m/127_hours,movietitle: 127 Hours,"movieinfo: ""While exploring a remote canyon in Utah, mountaineer and adventurer Aron Ralston (James Franco) becomes trapped when a boulder falls on his arm. Over the next five days, Ralston examines his life and considers his options, leading him to an agonizing choice: to amputate his arm so that he can extricate himself and try to make his way back to civilization or remain pinned to the canyon wall and likely die. Based on Ralston's book, """"Between a Rock and a Hard Place.""""""",genres: Drama,productioncompany: Fox Searchlight,NO,NO,NO,NO,"
NO",  YES,  NO,"NO 
"
11739,"reviewcontent: If Sofia Coppola isn't the queen of slow, she's the princess of bore. Despite its sumptuous production design and cinematography, this is grotesquely superficial, slow, and boring.",reviewtype: Rotten,topcritic: False,rottentomatoeslink: m/1158195-marie_antoinette,movietitle: Marie Antoinette,"movieinfo: An Austrian teenager (Kirsten Dunst) marries the Dauphin (Jason Schwartzman) of France and becomes that country's queen following the death of King Louis XV (Judy Davis) in 1774. Years later, after a life of luxury and privilege, Marie Antoinette loses her head during the French Revolution.","genres: Documentary, Drama",productioncompany: Sony Pictures,NO,NO,NO,NO,"
NO",  NO,  NO,"NO 
"
6661,"reviewcontent: As is so often the case with sequels, this one feels like a retread, albeit on a bigger scale.",reviewtype: Rotten,topcritic: True,rottentomatoeslink: m/harold_and_kumar_2,movietitle: Harold & Kumar Escape from Guantanamo Bay,"movieinfo: After the high-flying stoners (Kal Penn, John Cho) try to smuggle a bong aboard a flight to Amsterdam, the two find themselves in jail on charges of terrorism. After making an amazing escape, Harold and Kumar flee to Texas by way of Florida, where they hope to convince Harold's well-connected friend (Eric Winter) to help them out of their predicament. The problem is, Harold's pal is about to marry Kumar's ex-sweetie (Danneel Harris).",genres: Comedy,productioncompany: Warner Bros. Pictures,NO,NO,NO,NO,"
NO",  YES,  NO,"NO 
"
13939,"reviewcontent: Overall, it's an enjoyable sequel, although not up to the admittedly high--heh--standards of the first installment.",reviewtype: Fresh,topcritic: False,rottentomatoeslink: m/harold_and_kumar_2,movietitle: Harold & Kumar Escape from Guantanamo Bay,"movieinfo: After the high-flying stoners (Kal Penn, John Cho) try to smuggle a bong aboard a flight to Amsterdam, the two find themselves in jail on charges of terrorism. After making an amazing escape, Harold and Kumar flee to Texas by way of Florida, where they hope to convince Harold's well-connected friend (Eric Winter) to help them out of their predicament. The problem is, Harold's pal is about to marry Kumar's ex-sweetie (Danneel Harris).",genres: Comedy,productioncompany: Warner Bros. Pictures,NO,NO,NO,NO,"
NO",  YES,  NO,"NO 
"
7359,"reviewcontent: This almost totally fails as a comedy, with broad, unfunny, dumb jokes (such as Wilson and a young boy urinating on each other), though it's marginally better during the goopy, heartwarming parts.",reviewtype: Rotten,topcritic: False,rottentomatoeslink: m/father_figures_2017,movietitle: Father Figures,"movieinfo: Brothers Kyle and Peter Reynolds were raised to believe that their dad died when they were young. They're shocked to discover that their mother lied about his death because she never knew who the biological father was. Setting out on an epic quest to find him, the two siblings soon learn more about their mom's past than they ever wanted to know.",genres: Comedy,productioncompany: Warner Bros. Pictures,NO,NO,NO,NO,"
NO",  NO,  NO,"NO 
"
3204,"reviewcontent: A Good Day to Die Hard wants to be a movie about family values - a father and son, bonding over bullets and bombs - but it's really just about the value of a box-office franchise, and its value is on the wane.",reviewtype: Rotten,topcritic: True,rottentomatoeslink: m/a_good_day_to_die_hard,movietitle: A Good Day To Die Hard,"movieinfo: New York City cop John McClane (Bruce Willis) arrives in Moscow to track down his estranged son, Jack (Jai Courtney). McClane thinks his son is a criminal, so it comes as a shock when he learns that Jack is actually working undercover to protect Komarov (Sebastian Koch), a Russian government whistleblower. With their own lives on the line, McClane and Jack must overcome their differences in order to get Komarov to safety and thwart a potentially disastrous crime in the Chernobyl region.",genres: Action & Adventure,productioncompany: 20th Century Fox,NO,NO,NO,NO,"
NO",  NO,  NO,"NO 
"
11752,"reviewcontent: When the film tries to inject anything resembling high drama, it gets dumb in a hurry.",reviewtype: Rotten,topcritic: False,rottentomatoeslink: m/the_lucky_one_2012,movietitle: The Lucky One,"movieinfo: U.S. Marine Sgt. Logan Thibault (Zac Efron) returns home from his third tour of duty in Iraq with the one thing he believes kept him alive: a photograph of a woman he doesn't even know. He learns the woman's name is Beth (Taylor Schilling) and goes to meet her, eventually taking a job at her family-run kennel. Though Beth is full of mistrust and leads a complicated life, a romance blooms, giving Logan hope that Beth could become more than just his good-luck charm.",genres: Drama,productioncompany: Warner Bros. Pictures,NO,NO,NO,NO,"
NO",  YES,  NO,"NO 
"
6126,"reviewcontent: Considering that it's meant to be a comedy about a TV children's show, DeVitto's picture is particularly irritating, nasty, and mean-spirited.",reviewtype: Rotten,topcritic: False,rottentomatoeslink: m/death_to_smoochy,movietitle: Death to Smoochy,"movieinfo: Tells the story of Rainbow Randolph (Robin Williams), the corrupt, costumed star of a popular children's TV show, who is fired over a bribery scandal and replaced by squeaky-clean Smoochy (Edward Norton), a puffy fuscia rhinoceros. As Smoochy catapults to fame - scoring hit ratings and the affections of a network executive (Catherine Keener) - Randolph makes the unsuspecting rhino the target of his numerous outrageous attempts to exact revenge and reclaim his status as America's sweetheart.",genres: Comedy,productioncompany: Warner Bros. Pictures,NO,NO,NO,NO,"
NO",  NO,  NO,"NO 
"
14629,reviewcontent: ...has the same spirit of non-stop comedy as its predecessor and strikes the same chord in the hearts of those of us who appreciate a good laugh.,reviewtype: Fresh,topcritic: False,rottentomatoeslink: m/harold_and_kumar_2,movietitle: Harold & Kumar Escape from Guantanamo Bay,"movieinfo: After the high-flying stoners (Kal Penn, John Cho) try to smuggle a bong aboard a flight to Amsterdam, the two find themselves in jail on charges of terrorism. After making an amazing escape, Harold and Kumar flee to Texas by way of Florida, where they hope to convince Harold's well-connected friend (Eric Winter) to help them out of their predicament. The problem is, Harold's pal is about to marry Kumar's ex-sweetie (Danneel Harris).",genres: Comedy,productioncompany: Warner Bros. Pictures,NO,NO,NO,NO,"
NO",  YES,  NO,"YES 
"
2678,"reviewcontent: Moving and inspirational, Just Mercy deserves your attention. [Full review in Spanish}",reviewtype: Fresh,topcritic: False,rottentomatoeslink: m/just_mercy,movietitle: Just Mercy,"movieinfo: After graduating from Harvard, Bryan Stevenson heads to Alabama to defend those wrongly condemned or those not afforded proper representation. One of his first cases is that of Walter McMillian, who is sentenced to die in 1987 for the murder of an 18-year-old girl, despite evidence proving his innocence. In the years that follow, Stevenson encounters racism and legal and political maneuverings as he tirelessly fights for McMillian's life.",genres: Drama,productioncompany: Warner Bros. Pictures,NO,NO,NO,NO,"
NO",  YES,  NO,"YES 
"
3708,"reviewcontent: For long stretches, [If I Stay] seems like a TV pilot for a WB show that, rightfully, did not get picked up.",reviewtype: Rotten,topcritic: False,rottentomatoeslink: m/if_i_stay,movietitle: If I Stay,"movieinfo: Mia Hall (Chloë Grace Moretz), a talented young cellist, thought the most difficult decision she would ever have to make would be whether to pursue her musical dreams at prestigious Juilliard or follow her heart to be with the love of her life, Adam (Jamie Blackley), a rock singer/guitarist. However, a car wreck changes everything in an instant, and now Mia's life hangs in the balance. Suspended between life and death, Mia faces a choice that will decide her future.",genres: Drama,productioncompany: Warner Bros. Pictures,NO,NO,NO,YES,"
NO",  YES,  NO,"NO 
"
